ListSchema={"schemaXmlList":["<Field ID=\"{fa564e0f-0c70-4ab9-b863-0177e6ddd247}\" Type=\"Text\" Name=\"Title\" DisplayName=\"Title\" Required=\"FALSE\" SourceID=\"http://schemas.microsoft.com/sharepoint/v3\" StaticName=\"Title\" FromBaseType=\"TRUE\" MaxLength=\"255\" Hidden=\"FALSE\" ReadOnly=\"FALSE\" PITarget=\"\" PrimaryPITarget=\"\" PIAttribute=\"\" PrimaryPIAttribute=\"\" Aggregation=\"\" Node=\"\" />","<Field Type=\"Text\" DisplayName=\"Purchase Order Number\" Name=\"field_1\" ID=\"{6fcb032e-37ed-4c50-b45f-43613f05bd6b}\" StaticName=\"field_1\" CustomFormatter=\"\" Hidden=\"FALSE\" PITarget=\"\" PrimaryPITarget=\"\" PIAttribute=\"\" PrimaryPIAttribute=\"\" Aggregation=\"\" Node=\"\" />","<Field Type=\"Choice\" DisplayName=\"PO Header Status\" Required=\"FALSE\" EnforceUniqueValues=\"FALSE\" Indexed=\"FALSE\" Format=\"Dropdown\" FillInChoice=\"TRUE\" StaticName=\"field_2\" Name=\"field_2\" ID=\"{5be0c166-4c7c-457d-927b-f0793362b717}\" CustomFormatter=\"\" Hidden=\"FALSE\" PITarget=\"\" PrimaryPITarget=\"\" PIAttribute=\"\" PrimaryPIAttribute=\"\" Aggregation=\"\" Node=\"\"><CHOICES /></Field>","<Field ClientSideComponentId=\"00000000-0000-0000-0000-000000000000\" CustomFormatter=\"\" DisplayName=\"Approved Supplier \" FillInChoice=\"FALSE\" Format=\"Dropdown\" Name=\"field_3\" Title=\"Approved Supplier \" Type=\"Choice\" ID=\"{6f9d8f5f-1c84-4d37-8445-80e38b080e52}\" StaticName=\"field_3\" Hidden=\"FALSE\" PITarget=\"\" PrimaryPITarget=\"\" PIAttribute=\"\" PrimaryPIAttribute=\"\" Aggregation=\"\" Node=\"\"><CHOICES><CHOICE>Yes</CHOICE><CHOICE>No</CHOICE></CHOICES><Default>Yes</Default></Field>","<Field Type=\"Text\" DisplayName=\"Supplier Number\" Name=\"field_4\" ID=\"{1d20c7d2-10e3-4a01-9f61-de97bc1b4b57}\" StaticName=\"field_4\" Required=\"FALSE\" Hidden=\"FALSE\" ReadOnly=\"FALSE\" PITarget=\"\" PrimaryPITarget=\"\" PIAttribute=\"\" PrimaryPIAttribute=\"\" Aggregation=\"\" Node=\"\" />","<Field Type=\"Text\" DisplayName=\"Supplier Name\" Name=\"field_5\" ID=\"{8c83d31d-d739-47e9-b662-5ecac0d253c7}\" StaticName=\"field_5\" Required=\"FALSE\" Hidden=\"FALSE\" ReadOnly=\"FALSE\" PITarget=\"\" PrimaryPITarget=\"\" PIAttribute=\"\" PrimaryPIAttribute=\"\" Aggregation=\"\" Node=\"\" />","<Field Type=\"Text\" DisplayName=\"Order Date\" Name=\"field_6\" ID=\"{4753e0d2-3fb2-48ad-b348-4cfe73416dae}\" StaticName=\"field_6\" Required=\"FALSE\" Hidden=\"FALSE\" ReadOnly=\"FALSE\" PITarget=\"\" PrimaryPITarget=\"\" PIAttribute=\"\" PrimaryPIAttribute=\"\" Aggregation=\"\" Node=\"\" />","<Field Type=\"Number\" DisplayName=\"Purchase Order Line\" Name=\"field_7\" ID=\"{16d7b1bc-0fc5-4f39-95e5-f34a4eeb7c76}\" StaticName=\"field_7\" Required=\"FALSE\" Hidden=\"FALSE\" ReadOnly=\"FALSE\" PITarget=\"\" PrimaryPITarget=\"\" PIAttribute=\"\" PrimaryPIAttribute=\"\" Aggregation=\"\" Node=\"\" />","<Field Type=\"Text\" DisplayName=\"PO Line Status\" Name=\"field_8\" ID=\"{89884bdf-f5fd-4ff3-af51-b2babe7f1d4f}\" StaticName=\"field_8\" Required=\"FALSE\" Hidden=\"FALSE\" ReadOnly=\"FALSE\" PITarget=\"\" PrimaryPITarget=\"\" PIAttribute=\"\" PrimaryPIAttribute=\"\" Aggregation=\"\" Node=\"\" />","<Field Type=\"Text\" DisplayName=\"Line Type\" Name=\"field_9\" ID=\"{556f2de3-4372-4941-85a5-703141569179}\" StaticName=\"field_9\" Required=\"FALSE\" Hidden=\"FALSE\" ReadOnly=\"FALSE\" PITarget=\"\" PrimaryPITarget=\"\" PIAttribute=\"\" PrimaryPIAttribute=\"\" Aggregation=\"\" Node=\"\" />","<Field Type=\"Text\" DisplayName=\"Item Number\" Name=\"field_10\" ID=\"{bda63693-6d43-4637-a98a-c822314ab45a}\" StaticName=\"field_10\" Required=\"FALSE\" Hidden=\"FALSE\" ReadOnly=\"FALSE\" PITarget=\"\" PrimaryPITarget=\"\" PIAttribute=\"\" PrimaryPIAttribute=\"\" Aggregation=\"\" Node=\"\" />","<Field ID=\"{bce11949-a4e4-4906-9ae4-aa7ebf1f99f0}\" DisplayName=\"Item Description\" Name=\"field_11\" StaticName=\"field_11\" Type=\"Note\" Required=\"FALSE\" Hidden=\"FALSE\" ReadOnly=\"FALSE\" PITarget=\"\" PrimaryPITarget=\"\" PIAttribute=\"\" PrimaryPIAttribute=\"\" Aggregation=\"\" Node=\"\" />","<Field Type=\"Text\" DisplayName=\"Item Revision\" Name=\"field_12\" ID=\"{f749a93e-357c-4dce-b75e-3fcf38bcf255}\" StaticName=\"field_12\" Required=\"FALSE\" Hidden=\"FALSE\" ReadOnly=\"FALSE\" PITarget=\"\" PrimaryPITarget=\"\" PIAttribute=\"\" PrimaryPIAttribute=\"\" Aggregation=\"\" Node=\"\" />","<Field Type=\"Text\" DisplayName=\"UOM\" Name=\"field_13\" ID=\"{759053c7-e917-4132-9f22-f11b54e9bfb2}\" StaticName=\"field_13\" Required=\"FALSE\" Hidden=\"FALSE\" ReadOnly=\"FALSE\" PITarget=\"\" PrimaryPITarget=\"\" PIAttribute=\"\" PrimaryPIAttribute=\"\" Aggregation=\"\" Node=\"\" />","<Field Type=\"Number\" DisplayName=\"Quantity Ordered\" Name=\"field_14\" ID=\"{99802356-193c-4cba-a558-29875d111a1a}\" StaticName=\"field_14\" Required=\"FALSE\" Hidden=\"FALSE\" ReadOnly=\"FALSE\" PITarget=\"\" PrimaryPITarget=\"\" PIAttribute=\"\" PrimaryPIAttribute=\"\" Aggregation=\"\" Node=\"\" />","<Field Type=\"Number\" DisplayName=\"Quantity Received\" Name=\"field_15\" ID=\"{55877be6-1005-4052-b960-7522e78554f8}\" StaticName=\"field_15\" Required=\"FALSE\" Hidden=\"FALSE\" ReadOnly=\"FALSE\" PITarget=\"\" PrimaryPITarget=\"\" PIAttribute=\"\" PrimaryPIAttribute=\"\" Aggregation=\"\" Node=\"\" />","<Field Type=\"Number\" DisplayName=\"Quantity Invoiced\" Name=\"field_16\" ID=\"{227eab85-615d-4731-9810-e55e5e38d48f}\" StaticName=\"field_16\" Required=\"FALSE\" Hidden=\"FALSE\" ReadOnly=\"FALSE\" PITarget=\"\" PrimaryPITarget=\"\" PIAttribute=\"\" PrimaryPIAttribute=\"\" Aggregation=\"\" Node=\"\" />","<Field Type=\"Number\" DisplayName=\"Quantity Open\" Name=\"field_17\" ID=\"{fb3ded99-c023-4de4-9d23-5a82a229eefe}\" StaticName=\"field_17\" Required=\"FALSE\" Hidden=\"FALSE\" ReadOnly=\"FALSE\" PITarget=\"\" PrimaryPITarget=\"\" PIAttribute=\"\" PrimaryPIAttribute=\"\" Aggregation=\"\" Node=\"\" />","<Field Type=\"Number\" DisplayName=\"Purchase Price\" Name=\"field_18\" ID=\"{16ad4574-9323-4bc4-b5f9-8a81f038d30e}\" StaticName=\"field_18\" Required=\"FALSE\" Hidden=\"FALSE\" ReadOnly=\"FALSE\" PITarget=\"\" PrimaryPITarget=\"\" PIAttribute=\"\" PrimaryPIAttribute=\"\" Aggregation=\"\" Node=\"\" />","<Field Type=\"Number\" DisplayName=\"Line Total Amount\" Name=\"field_19\" ID=\"{7f6bc09d-7722-4cb2-9471-f2dfed45f149}\" StaticName=\"field_19\" Required=\"FALSE\" Hidden=\"FALSE\" ReadOnly=\"FALSE\" PITarget=\"\" PrimaryPITarget=\"\" PIAttribute=\"\" PrimaryPIAttribute=\"\" Aggregation=\"\" Node=\"\" />","<Field Type=\"Number\" DisplayName=\"Line Open Amount\" Name=\"field_20\" ID=\"{48619fe4-6c20-4dfe-a9b0-61a9591376fe}\" StaticName=\"field_20\" Required=\"FALSE\" Hidden=\"FALSE\" ReadOnly=\"FALSE\" PITarget=\"\" PrimaryPITarget=\"\" PIAttribute=\"\" PrimaryPIAttribute=\"\" Aggregation=\"\" Node=\"\" />","<Field Type=\"Number\" DisplayName=\"Line Invoice Open Amount\" Name=\"field_21\" ID=\"{1ea300ae-6f73-441d-a0d8-40811685646e}\" StaticName=\"field_21\" Required=\"FALSE\" Hidden=\"FALSE\" ReadOnly=\"FALSE\" PITarget=\"\" PrimaryPITarget=\"\" PIAttribute=\"\" PrimaryPIAttribute=\"\" Aggregation=\"\" Node=\"\" />","<Field Type=\"Number\" DisplayName=\"Invoiced Amount\" Name=\"field_22\" ID=\"{1fca48dc-9313-47d4-a511-62268e1c76d8}\" StaticName=\"field_22\" Required=\"FALSE\" Hidden=\"FALSE\" ReadOnly=\"FALSE\" PITarget=\"\" PrimaryPITarget=\"\" PIAttribute=\"\" PrimaryPIAttribute=\"\" Aggregation=\"\" Node=\"\" />","<Field Type=\"Text\" DisplayName=\"Currency\" Name=\"field_23\" ID=\"{431299fa-44c9-448b-b06f-7e0d4fac655c}\" StaticName=\"field_23\" Required=\"FALSE\" Hidden=\"FALSE\" ReadOnly=\"FALSE\" PITarget=\"\" PrimaryPITarget=\"\" PIAttribute=\"\" PrimaryPIAttribute=\"\" Aggregation=\"\" Node=\"\" />","<Field Type=\"Number\" DisplayName=\"Taxes\" Name=\"field_24\" ID=\"{22c734bd-4921-4d94-be6b-4dadea4876f0}\" StaticName=\"field_24\" Required=\"FALSE\" Hidden=\"FALSE\" ReadOnly=\"FALSE\" PITarget=\"\" PrimaryPITarget=\"\" PIAttribute=\"\" PrimaryPIAttribute=\"\" Aggregation=\"\" Node=\"\" />","<Field ClientSideComponentId=\"00000000-0000-0000-0000-000000000000\" DisplayName=\"Requested Delivery Date\" FriendlyDisplayFormat=\"Disabled\" Format=\"DateOnly\" Name=\"field_25\" Title=\"Requested Delivery Date\" Type=\"DateTime\" ID=\"{956b4a51-37ea-4257-8f27-baf2753e37ea}\" StaticName=\"field_25\" Required=\"FALSE\" Hidden=\"FALSE\" ReadOnly=\"FALSE\" PITarget=\"\" PrimaryPITarget=\"\" PIAttribute=\"\" PrimaryPIAttribute=\"\" Aggregation=\"\" Node=\"\" />","<Field ClientSideComponentId=\"00000000-0000-0000-0000-000000000000\" DisplayName=\"Promised Delivery Date\" FriendlyDisplayFormat=\"Disabled\" Format=\"DateOnly\" Name=\"field_26\" Title=\"Promised Delivery Date\" Type=\"DateTime\" ID=\"{6c1eee5f-e239-4033-a7b4-bd62c18cf153}\" StaticName=\"field_26\" Required=\"FALSE\" Hidden=\"FALSE\" ReadOnly=\"FALSE\" PITarget=\"\" PrimaryPITarget=\"\" PIAttribute=\"\" PrimaryPIAttribute=\"\" Aggregation=\"\" Node=\"\" />","<Field Type=\"Number\" DisplayName=\"Purchase Account\" Name=\"field_27\" ID=\"{1f02ebee-92af-44cd-9165-9379dea0ff5f}\" StaticName=\"field_27\" Required=\"FALSE\" Hidden=\"FALSE\" ReadOnly=\"FALSE\" PITarget=\"\" PrimaryPITarget=\"\" PIAttribute=\"\" PrimaryPIAttribute=\"\" Aggregation=\"\" Node=\"\" />","<Field Type=\"Number\" DisplayName=\"Cost Center\" Name=\"field_28\" ID=\"{1d3005b5-c7b5-4a5d-9457-3802e82ba0e9}\" StaticName=\"field_28\" Required=\"FALSE\" Hidden=\"FALSE\" ReadOnly=\"FALSE\" PITarget=\"\" PrimaryPITarget=\"\" PIAttribute=\"\" PrimaryPIAttribute=\"\" Aggregation=\"\" Node=\"\" />","<Field Type=\"Number\" DisplayName=\"Project Number\" Name=\"field_29\" ID=\"{f1ca9378-fc33-4f58-843a-ba70fc71403c}\" StaticName=\"field_29\" Required=\"FALSE\" Hidden=\"FALSE\" ReadOnly=\"FALSE\" PITarget=\"\" PrimaryPITarget=\"\" PIAttribute=\"\" PrimaryPIAttribute=\"\" Aggregation=\"\" Node=\"\" />","<Field Type=\"Text\" DisplayName=\"Project Number Description\" Name=\"field_30\" ID=\"{53e6079c-7e3c-455b-97a9-f660397047ec}\" StaticName=\"field_30\" Required=\"FALSE\" Hidden=\"FALSE\" ReadOnly=\"FALSE\" PITarget=\"\" PrimaryPITarget=\"\" PIAttribute=\"\" PrimaryPIAttribute=\"\" Aggregation=\"\" Node=\"\" />","<Field Type=\"Number\" DisplayName=\"Workorder\" Name=\"field_31\" ID=\"{1d107d3f-0769-40bc-aa65-2c54863397fb}\" StaticName=\"field_31\" Required=\"FALSE\" Hidden=\"FALSE\" ReadOnly=\"FALSE\" PITarget=\"\" PrimaryPITarget=\"\" PIAttribute=\"\" PrimaryPIAttribute=\"\" Aggregation=\"\" Node=\"\" />","<Field Type=\"Text\" DisplayName=\"Buyer\" Name=\"field_32\" ID=\"{89968410-baf9-44ab-8a9f-8cf12952ec8e}\" StaticName=\"field_32\" Required=\"FALSE\" Hidden=\"FALSE\" ReadOnly=\"FALSE\" PITarget=\"\" PrimaryPITarget=\"\" PIAttribute=\"\" PrimaryPIAttribute=\"\" Aggregation=\"\" Node=\"\" />","<Field Type=\"Text\" DisplayName=\"Preparer\" Name=\"field_33\" ID=\"{9e0f2aa6-8136-44e0-99b1-cb3b0c52c6a9}\" StaticName=\"field_33\" Required=\"FALSE\" Hidden=\"FALSE\" ReadOnly=\"FALSE\" PITarget=\"\" PrimaryPITarget=\"\" PIAttribute=\"\" PrimaryPIAttribute=\"\" Aggregation=\"\" Node=\"\" />","<Field Type=\"Text\" DisplayName=\"Requester\" Name=\"field_34\" ID=\"{c565167e-ea7d-4c8b-9ed4-abb86cb0b432}\" StaticName=\"field_34\" Required=\"FALSE\" Hidden=\"FALSE\" ReadOnly=\"FALSE\" PITarget=\"\" PrimaryPITarget=\"\" PIAttribute=\"\" PrimaryPIAttribute=\"\" Aggregation=\"\" Node=\"\" />","<Field Type=\"Text\" DisplayName=\"Deliver to Person\" Name=\"field_35\" ID=\"{6dd219ac-d524-4778-b1fc-923834ca87e8}\" StaticName=\"field_35\" Required=\"FALSE\" Hidden=\"FALSE\" ReadOnly=\"FALSE\" PITarget=\"\" PrimaryPITarget=\"\" PIAttribute=\"\" PrimaryPIAttribute=\"\" Aggregation=\"\" Node=\"\" />","<Field Type=\"Text\" DisplayName=\"Bill to Location\" Name=\"field_36\" ID=\"{d5861d9d-d6e3-4c20-8585-278e0c637ef0}\" StaticName=\"field_36\" Required=\"FALSE\" Hidden=\"FALSE\" ReadOnly=\"FALSE\" PITarget=\"\" PrimaryPITarget=\"\" PIAttribute=\"\" PrimaryPIAttribute=\"\" Aggregation=\"\" Node=\"\" />","<Field Type=\"Text\" DisplayName=\"Ship to Location\" Name=\"field_37\" ID=\"{b4ffeb38-6f6a-4fdc-a5da-168969a19ceb}\" StaticName=\"field_37\" Required=\"FALSE\" Hidden=\"FALSE\" ReadOnly=\"FALSE\" PITarget=\"\" PrimaryPITarget=\"\" PIAttribute=\"\" PrimaryPIAttribute=\"\" Aggregation=\"\" Node=\"\" />","<Field Type=\"Text\" DisplayName=\"Item ID\" Name=\"field_38\" ID=\"{d5f160b7-4863-4914-85be-5a69d4c766be}\" StaticName=\"field_38\" Required=\"FALSE\" Hidden=\"FALSE\" ReadOnly=\"FALSE\" PITarget=\"\" PrimaryPITarget=\"\" PIAttribute=\"\" PrimaryPIAttribute=\"\" Aggregation=\"\" Node=\"\" />","<Field Type=\"Text\" DisplayName=\"Item ID Rev\" Name=\"field_39\" ID=\"{df3cc005-5ea6-44c9-9c27-991a7da6506f}\" StaticName=\"field_39\" Required=\"FALSE\" Hidden=\"FALSE\" ReadOnly=\"FALSE\" PITarget=\"\" PrimaryPITarget=\"\" PIAttribute=\"\" PrimaryPIAttribute=\"\" Aggregation=\"\" Node=\"\" />","<Field Type=\"Text\" DisplayName=\"Product Family\" Name=\"field_40\" ID=\"{6d38a5cb-1b6e-48f6-b33a-314fee6f4ecb}\" StaticName=\"field_40\" Required=\"FALSE\" Hidden=\"FALSE\" ReadOnly=\"FALSE\" PITarget=\"\" PrimaryPITarget=\"\" PIAttribute=\"\" PrimaryPIAttribute=\"\" Aggregation=\"\" Node=\"\" />","<Field Type=\"Text\" DisplayName=\"Product Group\" Name=\"field_41\" ID=\"{57f31945-668c-4dbc-9a06-2f6c29607176}\" StaticName=\"field_41\" Required=\"FALSE\" Hidden=\"FALSE\" ReadOnly=\"FALSE\" PITarget=\"\" PrimaryPITarget=\"\" PIAttribute=\"\" PrimaryPIAttribute=\"\" Aggregation=\"\" Node=\"\" />","<Field Type=\"Text\" DisplayName=\"Product Sub-group\" Name=\"field_42\" ID=\"{86e81441-e993-4845-a157-8fa90ecceaec}\" StaticName=\"field_42\" Required=\"FALSE\" Hidden=\"FALSE\" ReadOnly=\"FALSE\" PITarget=\"\" PrimaryPITarget=\"\" PIAttribute=\"\" PrimaryPIAttribute=\"\" Aggregation=\"\" Node=\"\" />","<Field Type=\"Number\" DisplayName=\"Today\" Name=\"field_43\" ID=\"{edfdd842-1c07-4154-9139-16e3027b2586}\" StaticName=\"field_43\" Required=\"FALSE\" Hidden=\"FALSE\" ReadOnly=\"FALSE\" PITarget=\"\" PrimaryPITarget=\"\" PIAttribute=\"\" PrimaryPIAttribute=\"\" Aggregation=\"\" Node=\"\" />","<Field Type=\"Number\" DisplayName=\"Aging\" Name=\"field_44\" ID=\"{07a43a3f-ab4f-45f7-af4f-f96a382907a9}\" StaticName=\"field_44\" Required=\"FALSE\" Hidden=\"FALSE\" ReadOnly=\"FALSE\" PITarget=\"\" PrimaryPITarget=\"\" PIAttribute=\"\" PrimaryPIAttribute=\"\" Aggregation=\"\" Node=\"\" />","<Field ClientSideComponentId=\"00000000-0000-0000-0000-000000000000\" CustomFormatter=\"{&quot;elmType&quot;:&quot;div&quot;,&quot;style&quot;:{&quot;flex-wrap&quot;:&quot;wrap&quot;,&quot;display&quot;:&quot;flex&quot;},&quot;children&quot;:[{&quot;elmType&quot;:&quot;div&quot;,&quot;style&quot;:{&quot;box-sizing&quot;:&quot;border-box&quot;,&quot;padding&quot;:&quot;4px 8px 5px 8px&quot;,&quot;overflow&quot;:&quot;hidden&quot;,&quot;text-overflow&quot;:&quot;ellipsis&quot;,&quot;display&quot;:&quot;flex&quot;,&quot;border-radius&quot;:&quot;16px&quot;,&quot;height&quot;:&quot;24px&quot;,&quot;align-items&quot;:&quot;center&quot;,&quot;white-space&quot;:&quot;nowrap&quot;,&quot;margin&quot;:&quot;4px 4px 4px 4px&quot;},&quot;attributes&quot;:{&quot;class&quot;:{&quot;operator&quot;:&quot;:&quot;,&quot;operands&quot;:[{&quot;operator&quot;:&quot;==&quot;,&quot;operands&quot;:[&quot;[$Status]&quot;,&quot;Pending&quot;]},&quot;sp-css-backgroundColor-BgGold sp-css-borderColor-GoldFont sp-css-color-GoldFont&quot;,{&quot;operator&quot;:&quot;:&quot;,&quot;operands&quot;:[{&quot;operator&quot;:&quot;==&quot;,&quot;operands&quot;:[&quot;[$Status]&quot;,&quot;Notified&quot;]},&quot;sp-css-backgroundColor-BgMintGreen sp-css-borderColor-MintGreenFont sp-css-color-MintGreenFont&quot;,{&quot;operator&quot;:&quot;:&quot;,&quot;operands&quot;:[{&quot;operator&quot;:&quot;==&quot;,&quot;operands&quot;:[&quot;[$Status]&quot;,&quot;&quot;]},&quot;&quot;,&quot;sp-field-borderAllRegular sp-field-borderAllSolid sp-css-borderColor-neutralSecondary&quot;]}]}]}},&quot;children&quot;:[{&quot;elmType&quot;:&quot;span&quot;,&quot;style&quot;:{&quot;overflow&quot;:&quot;hidden&quot;,&quot;text-overflow&quot;:&quot;ellipsis&quot;,&quot;padding&quot;:&quot;0 3px&quot;},&quot;txtContent&quot;:&quot;[$Status]&quot;,&quot;attributes&quot;:{&quot;class&quot;:{&quot;operator&quot;:&quot;:&quot;,&quot;operands&quot;:[{&quot;operator&quot;:&quot;==&quot;,&quot;operands&quot;:[&quot;[$Status]&quot;,&quot;Pending&quot;]},&quot;sp-css-color-GoldFont&quot;,{&quot;operator&quot;:&quot;:&quot;,&quot;operands&quot;:[{&quot;operator&quot;:&quot;==&quot;,&quot;operands&quot;:[&quot;[$Status]&quot;,&quot;Notified&quot;]},&quot;sp-css-color-MintGreenFont&quot;,{&quot;operator&quot;:&quot;:&quot;,&quot;operands&quot;:[{&quot;operator&quot;:&quot;==&quot;,&quot;operands&quot;:[&quot;[$Status]&quot;,&quot;&quot;]},&quot;&quot;,&quot;&quot;]}]}]}}}]}],&quot;templateId&quot;:&quot;BgColorChoicePill&quot;}\" DisplayName=\"Status\" FillInChoice=\"FALSE\" Format=\"Dropdown\" Name=\"Status\" Title=\"Status\" Type=\"Choice\" ID=\"{14c5d959-c1dd-4cd3-bcd6-5ab85822576f}\" StaticName=\"Status\" Hidden=\"FALSE\" PITarget=\"\" PrimaryPITarget=\"\" PIAttribute=\"\" PrimaryPIAttribute=\"\" Aggregation=\"\" Node=\"\"><CHOICES><CHOICE>Pending</CHOICE><CHOICE>Notified</CHOICE></CHOICES></Field>","<Field ID=\"{82642ec8-ef9b-478f-acf9-31f7d45fbc31}\" ReadOnly=\"TRUE\" Type=\"Computed\" Name=\"LinkTitle\" DisplayName=\"Procurement BU\" DisplayNameSrcField=\"Title\" ClassInfo=\"Menu\" AuthoringInfo=\"(linked to item with edit menu)\" ListItemMenuAllowed=\"Required\" LinkToItemAllowed=\"Prohibited\" SourceID=\"http://schemas.microsoft.com/sharepoint/v3\" StaticName=\"LinkTitle\" FromBaseType=\"TRUE\" CustomFormatter=\"\"><FieldRefs><FieldRef Name=\"Title\" /><FieldRef Name=\"LinkTitleNoMenu\" /><FieldRef Name=\"_EditMenuTableStart2\" /><FieldRef Name=\"_EditMenuTableEnd\" /></FieldRefs><DisplayPattern><FieldSwitch><Expr><GetVar Name=\"FreeForm\" /></Expr><Case Value=\"TRUE\"><Field Name=\"LinkTitleNoMenu\" /></Case><Default><HTML><![CDATA[<div class=\"ms-vb itx\" onmouseover=\"OnItem(this)\" CTXName=\"ctx]]></HTML><Field Name=\"_EditMenuTableStart2\" /><HTML><![CDATA[\">]]></HTML><Field Name=\"LinkTitleNoMenu\" /><HTML><![CDATA[</div>]]></HTML><HTML><![CDATA[<div class=\"s4-ctx\" onmouseover=\"OnChildItem(this.parentNode); return false;\">]]></HTML><HTML><![CDATA[<span>&nbsp;</span>]]></HTML><HTML><![CDATA[<a onfocus=\"OnChildItem(this.parentNode.parentNode); return false;\" onclick=\"PopMenuFromChevron(event); return false;\" href=\"javascript:;\" title=\"Open Menu\"></a>]]></HTML><HTML><![CDATA[<span>&nbsp;</span>]]></HTML><HTML><![CDATA[</div>]]></HTML></Default></FieldSwitch></DisplayPattern></Field>"]}
"Procurement BU","Purchase Order Number","PO Header Status","Approved Supplier ","Supplier Number","Supplier Name","Order Date","Purchase Order Line","PO Line Status","Line Type","Item Number","Item Description","Item Revision","UOM","Quantity Ordered","Quantity Received","Quantity Invoiced","Quantity Open","Purchase Price","Line Total Amount","Line Open Amount","Line Invoice Open Amount","Invoiced Amount","Currency","Taxes","Requested Delivery Date","Promised Delivery Date","Purchase Account","Cost Center","Project Number","Project Number Description","Workorder","Buyer","Preparer","Requester","Deliver to Person","Bill to Location","Ship to Location","Item ID","Item ID Rev","Product Family","Product Group","Product Sub-group","Today","Aging","Status"
"Shockwave Costa Rica","CRP0002319","OPEN","Yes","INC001","Confluent Medical Technologies, Inc","03/11/2025","5","Open","Inventory","PN66126-80","6.0 x Lmm Pebax7433 BALLOON","B","Each","2,275","1,500","2,100","775","10.4","23,660","8,060","1,820","21,840","USD",,"2025-12-30T05:00:00Z","2026-04-15T04:00:00Z","89,999","0","0","No Project",,"Rojas, Montserrat","Rojas, Montserrat","Rojas, Montserrat","Rojas, Montserrat","Shockwave Costa Rica","Shockwave Costa Rica",,,"Raw Material","X80","X80 Raw Material",,,
"Shockwave Costa Rica","CRP0002361","OPEN","Yes","CRU001","Creganna Unlimited Company","03/19/2025","4","Open","Inventory","PN62352-3512","3.5x12 mm BALLOON, C2 Coronary IVL","B","Each","6,000","2,855","2,855","3,145","7.8","46,800","24,531","24,531","22,269","USD",,"2026-02-15T05:00:00Z","2026-02-15T05:00:00Z","11,100","0","0","No Project",,"Duarte, Erick","Duarte, Erick","Duarte, Erick","Duarte, Erick","Shockwave Costa Rica","Shockwave Costa Rica",,,"Raw Material","C2","C2/C2+ Raw Material",,,
"Shockwave Costa Rica","CRP0002433","OPEN","Yes","PUP001","Putnam Plastics Corporation","03/25/2025","7","Open","Inventory","PN66213-01","6-groove Lumen Tubing, Sx80","C","Each","6,000","0","0","6,000","6.01","36,060","36,060","36,060","0","USD",,"2025-12-19T05:00:00Z","2025-12-19T05:00:00Z","89,999","0","0","No Project",,"Rojas, Montserrat","Rojas, Montserrat","Rojas, Montserrat","Rojas, Montserrat","Shockwave Costa Rica","Shockwave Costa Rica",,,"Raw Material","X80","X80 Raw Material",,,
"Shockwave Costa Rica","CRP0002931","OPEN","Yes","SPE001","Spectralytics","06/18/2025","7","Open","Inventory","SA67376-02","RailBlazer Distal KTOB Subassembly","B","Each","13,500","7,354","7,354","6,146","3.79","51,165","23,293.34","23,293.34","27,871.66","USD",,"2026-03-02T05:00:00Z","2026-04-10T04:00:00Z","89,999","0","0","No Project",,"Rojas, Montserrat","Rojas, Montserrat","Rojas, Montserrat","Rojas, Montserrat","Shockwave Costa Rica","Shockwave Costa Rica",,,"Raw Material","Aero","Aero Raw Material",,,
"Shockwave Costa Rica","CRP0002931","OPEN","Yes","SPE001","Spectralytics","06/18/2025","8","Open","Inventory","SA67376-02","RailBlazer Distal KTOB Subassembly","B","Each","11,500","0","0","11,500","3.79","43,585","43,585","43,585","0","USD",,"2026-04-06T04:00:00Z","2026-04-30T04:00:00Z","89,999","0","0","No Project",,"Rojas, Montserrat","Rojas, Montserrat","Rojas, Montserrat","Rojas, Montserrat","Shockwave Costa Rica","Shockwave Costa Rica",,,"Raw Material","Aero","Aero Raw Material",,,
"Shockwave Costa Rica","CRP0003001","OPEN","Yes","CAM006","Cathx Medical, Inc","06/25/2025","2","Open","Inventory","PN67165-20","HDPE BALLOON PROTECTOR SHEATH, E8, 0.069 ID","A","Each","10,000","0","0","10,000","0.5","5,000","5,000","5,000","0","USD",,"2026-05-15T04:00:00Z","2026-05-15T04:00:00Z","89,999","0","0","No Project",,"Duarte, Erick","Duarte, Erick","Duarte, Erick","Duarte, Erick","Shockwave Costa Rica","Shockwave Costa Rica",,,"Raw Material","X80","X80 Raw Material",,,
"Shockwave Costa Rica","CRP0003222","OPEN","Yes","ONA001","Onanon, Inc.","07/30/2025","4","Open","Inventory","PN60089-01","Magnetic Catheter Plug","B","Each","60,000","0","0","60,000","1.26","75,600","75,600","75,600","0","USD",,"2026-05-15T04:00:00Z","2026-05-15T04:00:00Z","11,100","0","0","No Project",,"Duarte, Erick","Duarte, Erick","Duarte, Erick","Duarte, Erick","Shockwave Costa Rica","Shockwave Costa Rica",,,"Raw Material","RM","Common Raw Material",,,
"Shockwave Costa Rica","CRP0003222","OPEN","Yes","ONA001","Onanon, Inc.","07/30/2025","5","Open","Inventory","PN60089-01","Magnetic Catheter Plug","B","Each","60,000","0","0","60,000","1.26","75,600","75,600","75,600","0","USD",,"2026-06-10T04:00:00Z","2026-06-10T04:00:00Z","11,100","0","0","No Project",,"Duarte, Erick","Duarte, Erick","Duarte, Erick","Duarte, Erick","Shockwave Costa Rica","Shockwave Costa Rica",,,"Raw Material","RM","Common Raw Material",,,
"Shockwave Costa Rica","CRP0003223","OPEN","Yes","ONA001","Onanon, Inc.","07/30/2025","4","Open","Inventory","PN60089-02","Generator Slip Fit Boot Catheter Type 1","B","Each","60,000","0","0","60,000","1.41","84,600","84,600","84,600","0","USD",,"2026-05-14T04:00:00Z","2026-05-14T04:00:00Z","11,100","0","0","No Project",,"Duarte, Erick","Duarte, Erick","Duarte, Erick","Duarte, Erick","Shockwave Costa Rica","Shockwave Costa Rica",,,"Raw Material","RM","Common Raw Material",,,
"Shockwave Costa Rica","CRP0003224","OPEN","Yes","ONA001","Onanon, Inc.","07/30/2025","3","Open","Inventory","PN60089-03","Connector Post Catheter Type 1","B","Each","60,000","0","0","60,000","0.68","40,800","40,800","40,800","0","USD",,"2026-05-13T04:00:00Z","2026-05-13T04:00:00Z","11,100","0","0","No Project",,"Duarte, Erick","Duarte, Erick","Duarte, Erick","Duarte, Erick","Shockwave Costa Rica","Shockwave Costa Rica",,,"Raw Material","RM","Common Raw Material",,,
"Shockwave Costa Rica","CRP0003224","OPEN","Yes","ONA001","Onanon, Inc.","07/30/2025","4","Open","Inventory","PN60089-03","Connector Post Catheter Type 1","B","Each","60,000","0","0","60,000","0.68","40,800","40,800","40,800","0","USD",,"2026-06-10T04:00:00Z","2026-06-10T04:00:00Z","11,100","0","0","No Project",,"Duarte, Erick","Duarte, Erick","Duarte, Erick","Duarte, Erick","Shockwave Costa Rica","Shockwave Costa Rica",,,"Raw Material","RM","Common Raw Material",,,
"Shockwave Costa Rica","CRP0003225","OPEN","Yes","ONA001","Onanon, Inc.","07/30/2025","3","Open","Inventory","PN61374","1-Wire Catheter Plug PCB Assembly","B","Each","50,000","0","0","50,000","5.63","281,500","281,500","281,500","0","USD",,"2026-05-08T04:00:00Z","2026-05-08T04:00:00Z","11,100","0","0","No Project",,"Duarte, Erick","Duarte, Erick","Duarte, Erick","Duarte, Erick","Shockwave Costa Rica","Shockwave Costa Rica",,,"Raw Material","RM","Common Raw Material",,,
"Shockwave Costa Rica","CRP0003225","OPEN","Yes","ONA001","Onanon, Inc.","07/30/2025","4","Open","Inventory","PN61374","1-Wire Catheter Plug PCB Assembly","B","Each","50,000","0","0","50,000","5.63","281,500","281,500","281,500","0","USD",,"2026-06-13T04:00:00Z","2026-06-13T04:00:00Z","11,100","0","0","No Project",,"Duarte, Erick","Duarte, Erick","Duarte, Erick","Duarte, Erick","Shockwave Costa Rica","Shockwave Costa Rica",,,"Raw Material","RM","Common Raw Material",,,
"Shockwave Costa Rica","CRP0003241","OPEN","Yes","12014","Creganna Medical SRL","07/31/2025","1","Open","Inventory","PN30070-03","Shipping Mandrel,13""","D","Each","40,000","21,136","21,136","18,864","0.79","31,600","14,902.56","14,902.56","16,697.44","USD",,"2026-05-30T04:00:00Z","2026-05-30T04:00:00Z","11,100","0","0","No Project",,"Duarte, Erick","Duarte, Erick","Duarte, Erick","Duarte, Erick","Shockwave Costa Rica","Shockwave Costa Rica",,,"Raw Material","RM","Common Raw Material",,,
"Shockwave Costa Rica","CRP0003241","OPEN","Yes","12014","Creganna Medical SRL","07/31/2025","3","Open","Inventory","PN30070-03","Shipping Mandrel,13""","D","Each","40,000","0","0","40,000","0.79","31,600","31,600","31,600","0","USD",,"2026-06-01T04:00:00Z","2026-06-01T04:00:00Z","11,100","0","0","No Project",,"Duarte, Erick","Duarte, Erick","Duarte, Erick","Duarte, Erick","Shockwave Costa Rica","Shockwave Costa Rica",,,"Raw Material","RM","Common Raw Material",,,
"Shockwave Costa Rica","CRP0003274","OPEN","Yes","CRU001","Creganna Unlimited Company","08/05/2025","2","Open","Inventory","PN61101","SS Tube W Laser Texture, Smooth Skive","G","Each","51,300","9,000","1,800","42,300","9.8","502,740","414,540","485,100","17,640","USD",,"2026-05-15T04:00:00Z","2026-05-15T04:00:00Z","11,100","0","0","No Project",,"Duarte, Erick","Duarte, Erick","Duarte, Erick","Duarte, Erick","Shockwave Costa Rica","Shockwave Costa Rica",,,"Raw Material","C2","C2/C2+ Raw Material",,,
"Shockwave Costa Rica","CRP0003278","OPEN","Yes","CRU001","Creganna Unlimited Company","08/06/2025","2","Open","Inventory","PN62352-2512","2.5x12mm BALLOON, C2 Coronary IVL","B","Each","4,000","0","0","4,000","7.8","31,200","31,200","31,200","0","USD",,"2026-05-25T04:00:00Z","2026-05-25T04:00:00Z","11,100","0","0","No Project",,"Duarte, Erick","Duarte, Erick","Duarte, Erick","Duarte, Erick","Shockwave Costa Rica","Shockwave Costa Rica",,,"Raw Material","C2","C2/C2+ Raw Material",,,
"Shockwave Costa Rica","CRP0003278","OPEN","Yes","CRU001","Creganna Unlimited Company","08/06/2025","3","Open","Inventory","PN62352-2512","2.5x12mm BALLOON, C2 Coronary IVL","B","Each","4,000","3,290","925","710","7.8","31,200","5,538","23,985","7,215","USD",,"2025-06-01T04:00:00Z","2025-06-01T04:00:00Z","11,100","0","0","No Project",,"Duarte, Erick","Duarte, Erick","Duarte, Erick","Duarte, Erick","Shockwave Costa Rica","Shockwave Costa Rica",,,"Raw Material","C2","C2/C2+ Raw Material",,,
"Shockwave Costa Rica","CRP0003278","OPEN","Yes","CRU001","Creganna Unlimited Company","08/06/2025","4","Open","Inventory","PN62352-2512","2.5x12mm BALLOON, C2 Coronary IVL","B","Each","1,993","0","0","1,993","7.8","15,545.4","15,545.4","15,545.4","0","USD",,"2026-06-08T04:00:00Z","2026-06-08T04:00:00Z","11,100","0","0","No Project",,"Duarte, Erick","Duarte, Erick","Duarte, Erick","Duarte, Erick","Shockwave Costa Rica","Shockwave Costa Rica",,,"Raw Material","C2","C2/C2+ Raw Material",,,
"Shockwave Costa Rica","CRP0003372","OPEN","Yes","TEC001","Temecula Custom Extrusions.","08/20/2025","3","Open","Inventory","PN30162-01","Con Boot Extension Cable  9""","H","Each","50,000","0","0","50,000","0.5","25,000","25,000","25,000","0","USD",,"2026-05-14T04:00:00Z","2026-05-14T04:00:00Z","11,100","0","0","No Project",,"Duarte, Erick","Duarte, Erick","Duarte, Erick","Duarte, Erick","Shockwave Costa Rica","Shockwave Costa Rica",,,"Raw Material","RM","Common Raw Material",,,
"Shockwave Costa Rica","CRP0003372","OPEN","Yes","TEC001","Temecula Custom Extrusions.","08/20/2025","4","Open","Inventory","PN30162-01","Con Boot Extension Cable  9""","H","Each","50,000","0","0","50,000","0.5","25,000","25,000","25,000","0","USD",,"2026-06-13T04:00:00Z","2026-06-13T04:00:00Z","11,100","0","0","No Project",,"Duarte, Erick","Duarte, Erick","Duarte, Erick","Duarte, Erick","Shockwave Costa Rica","Shockwave Costa Rica",,,"Raw Material","RM","Common Raw Material",,,
"Shockwave Costa Rica","CRP0003373","OPEN","Yes","TEC001","Temecula Custom Extrusions.","08/20/2025","4","Open","Inventory","PN40008","Coronary Distal Shaft","D","Each","50,000","0","0","50,000","0.7","35,000","35,000","35,000","0","USD",,"2026-05-14T04:00:00Z","2026-05-14T04:00:00Z","11,100","0","0","No Project",,"Duarte, Erick","Duarte, Erick","Duarte, Erick","Duarte, Erick","Shockwave Costa Rica","Shockwave Costa Rica",,,"Raw Material","C2","C2/C2+ Raw Material",,,
"Shockwave Costa Rica","CRP0003374","OPEN","Yes","TEC001","Temecula Custom Extrusions.","08/20/2025","4","Open","Inventory","PN40147-04","NYLON MIDSHAFT TUB ID/OD 0.034""/0.043""","F","Each","40,000","0","0","40,000","0.33","13,200","13,200","13,200","0","USD",,"2026-05-14T04:00:00Z","2026-05-14T04:00:00Z","11,100","0","0","No Project",,"Duarte, Erick","Duarte, Erick","Duarte, Erick","Duarte, Erick","Shockwave Costa Rica","Shockwave Costa Rica",,,"Raw Material","C2","C2/C2+ Raw Material",,,
"Shockwave Costa Rica","CRP0003374","OPEN","Yes","TEC001","Temecula Custom Extrusions.","08/20/2025","5","Open","Inventory","PN40147-04","NYLON MIDSHAFT TUB ID/OD 0.034""/0.043""","F","Each","40,000","0","0","40,000","0.33","13,200","13,200","13,200","0","USD",,"2026-06-13T04:00:00Z","2026-06-13T04:00:00Z","11,100","0","0","No Project",,"Duarte, Erick","Duarte, Erick","Duarte, Erick","Duarte, Erick","Shockwave Costa Rica","Shockwave Costa Rica",,,"Raw Material","C2","C2/C2+ Raw Material",,,
"Shockwave Costa Rica","CRP0003375","OPEN","Yes","TEC001","Temecula Custom Extrusions.","08/20/2025","3","Open","Inventory","PN61071-02","Outer Shaft, BTK, 8020","D","Each","15,000","0","0","15,000","0.75","11,250","11,250","11,250","0","USD",,"2026-05-15T04:00:00Z","2026-05-15T04:00:00Z","11,100","0","0","No Project",,"Duarte, Erick","Duarte, Erick","Duarte, Erick","Duarte, Erick","Shockwave Costa Rica","Shockwave Costa Rica",,,"Raw Material","S4","S4 Raw Material",,,
"Shockwave Costa Rica","CRP0003420","OPEN","Yes","DEP001","Delta Pacific Products","08/27/2025","1","Open","Inventory","PN63098","Dual-Port Hub","C","Each","47,880","47,880","47,880","0","1.078","51,614.64","0","0","51,614.64","USD",,"2026-03-01T05:00:00Z","2026-03-01T05:00:00Z","11,100","0","0","No Project",,"Duarte, Erick","Duarte, Erick","Duarte, Erick","Duarte, Erick","Shockwave Costa Rica","Shockwave Costa Rica",,,"Raw Material","C2","C2/C2+ Raw Material",,,
"Shockwave Costa Rica","CRP0003546","OPEN","Yes","COP003","Cobalt Polymers","09/17/2025","5","Open","Inventory","PN67651","5G C2 Polyolefin Heat Shrink Tubing, Uncut","A","Feet","15,000","11,800","11,800","3,200","1.86","27,900","5,952","5,952","21,948","USD",,"2026-05-06T04:00:00Z","2026-05-06T04:00:00Z","89,999","0","0","No Project",,"Rojas, Montserrat","Rojas, Montserrat","Rojas, Montserrat","Rojas, Montserrat","Shockwave Costa Rica","Shockwave Costa Rica",,,"Raw Material","Aero","Aero Raw Material",,,
"Shockwave Costa Rica","CRP0003595","OPEN","Yes","CAM006","Cathx Medical, Inc","09/24/2025","2","Open","Inventory","PN65223","Bumped Outershaft, Sx80","A","Each","6,000","0","0","6,000","3.15","18,900","18,900","18,900","0","USD",,"2026-04-30T04:00:00Z","2026-04-30T04:00:00Z","89,999","0","0","No Project",,"Duarte, Erick","Duarte, Erick","Duarte, Erick","Duarte, Erick","Shockwave Costa Rica","Shockwave Costa Rica",,,"Raw Material","X80","X80 Raw Material",,,
"Shockwave Costa Rica","CRP0003639","OPEN","Yes","PUP001","Putnam Plastics Corporation","10/01/2025","6","Open","Inventory","PN66273-01","RailBlazer 4-Groove Inner Lumen Tubing","B","Each","20,000","500","500","19,500","1.34","26,800","26,130","26,130","670","USD",,"2026-06-04T04:00:00Z","2026-06-04T04:00:00Z","89,999","0","0","No Project",,"Rojas, Montserrat","Rojas, Montserrat","Rojas, Montserrat","Rojas, Montserrat","Shockwave Costa Rica","Shockwave Costa Rica",,,"Raw Material","Aero","Aero Raw Material",,,
"Shockwave Costa Rica","CRP0003640","OPEN","Yes","PUP001","Putnam Plastics Corporation","10/01/2025","6","Open","Inventory","PN66966-01","RailBlazer Coronary Catheter Tip","A","Each","20,000","0","0","20,000","0.21","4,200","4,200","4,200","0","USD",,"2026-06-04T04:00:00Z","2026-06-04T04:00:00Z","89,999","0","0","No Project",,"Rojas, Montserrat","Rojas, Montserrat","Rojas, Montserrat","Rojas, Montserrat","Shockwave Costa Rica","Shockwave Costa Rica",,,"Raw Material","Aero","Aero Raw Material",,,
"Shockwave Costa Rica","CRP0003647","OPEN","Yes","INC001","Confluent Medical Technologies, Inc","10/01/2025","2","Open","Inventory","PN66122-80","3.0XLmm PEBAX 7433 BALLOON","B","Each","300","0","0","300","11.65","3,495","3,495","3,495","0","USD",,"2026-05-07T04:00:00Z","2026-05-07T04:00:00Z","89,999","0","0","No Project",,"Rojas, Montserrat","Rojas, Montserrat","Rojas, Montserrat","Rojas, Montserrat","Shockwave Costa Rica","Shockwave Costa Rica",,,"Raw Material","X80","X80 Raw Material",,,
"Shockwave Costa Rica","CRP0003698","OPEN","Yes","SPE001","Spectralytics","10/09/2025","5","Open","Inventory","SA61601-02","KTOB SUB ASSEMBLY, NEXT GENERATION CORONARY Rx","G","Each","35,000","13,976","13,976","21,024","3.45","120,750","72,532.8","72,532.8","48,217.2","USD",,"2026-05-04T04:00:00Z","2026-05-31T04:00:00Z","11,500","0","0","No Project",,"Rojas, Montserrat","Rojas, Montserrat","Rojas, Montserrat","Rojas, Montserrat","Shockwave Costa Rica","Shockwave Costa Rica",,,"Coronary","C2 Sub-assembly","C2 Other",,,
"Shockwave Costa Rica","CRP0003699","OPEN","Yes","SPE001","Spectralytics","10/09/2025","5","Open","Inventory","SA62776","C2+ INTERSTATION SUBASSEMBLY","G","Each","15,000","1,991","1,991","13,009","6.64","99,600","86,379.76","86,379.76","13,220.24","USD",,"2026-05-05T04:00:00Z","2026-05-30T04:00:00Z","11,500","0","0","No Project",,"Rojas, Montserrat","Rojas, Montserrat","Rojas, Montserrat","Rojas, Montserrat","Shockwave Costa Rica","Shockwave Costa Rica",,,"Coronary","C2 Sub-assembly","C2 Common Interstation",,,
"Shockwave Costa Rica","CRP0003700","OPEN","Yes","SPE001","Spectralytics","10/09/2025","5","Open","Inventory","PN62555","Main C2+ Inner sleeve","C","Each","32,000","10,475","10,475","21,525","0.98","31,360","21,094.5","21,094.5","10,265.5","USD",,"2026-05-06T04:00:00Z","2026-05-30T04:00:00Z","11,100","0","0","No Project",,"Rojas, Montserrat","Rojas, Montserrat","Rojas, Montserrat","Rojas, Montserrat","Shockwave Costa Rica","Shockwave Costa Rica",,,"Raw Material","C2","C2/C2+ Raw Material",,,
"Shockwave Costa Rica","CRP0003701","OPEN","Yes","SPE001","Spectralytics","10/09/2025","4","Open","Inventory","SA64775-02","Sx80 KTOB Distal","F","Each","14,000","387","387","13,613","4.81","67,340","65,478.53","65,478.53","1,861.47","USD",,"2026-05-06T04:00:00Z","2026-05-31T04:00:00Z","89,999","0","0","No Project",,"Rojas, Montserrat","Rojas, Montserrat","Rojas, Montserrat","Rojas, Montserrat","Shockwave Costa Rica","Shockwave Costa Rica",,,"Raw Material","X80","X80 Raw Material",,,
"Shockwave Costa Rica","CRP0003704","OPEN","Yes","SPE001","Spectralytics","10/09/2025","1","Open","Inventory","SA67376-02","RailBlazer Distal KTOB Subassembly","B","Each","2,000","0","0","2,000","3.64","7,280","7,280","7,280","0","USD",,"2026-04-06T04:00:00Z","2026-04-06T04:00:00Z","89,999","0","0","No Project",,"Rojas, Montserrat","Rojas, Montserrat","Rojas, Montserrat","Rojas, Montserrat","Shockwave Costa Rica","Shockwave Costa Rica",,,"Raw Material","Aero","Aero Raw Material",,,
"Shockwave Costa Rica","CRP0003704","OPEN","Yes","SPE001","Spectralytics","10/09/2025","2","Open","Inventory","SA67376-02","RailBlazer Distal KTOB Subassembly","B","Each","13,500","0","0","13,500","3.64","49,140","49,140","49,140","0","USD",,"2026-05-05T04:00:00Z","2026-05-05T04:00:00Z","89,999","0","0","No Project",,"Rojas, Montserrat","Rojas, Montserrat","Rojas, Montserrat","Rojas, Montserrat","Shockwave Costa Rica","Shockwave Costa Rica",,,"Raw Material","Aero","Aero Raw Material",,,
"Shockwave Costa Rica","CRP0003704","OPEN","Yes","SPE001","Spectralytics","10/09/2025","3","Open","Inventory","SA67376-02","RailBlazer Distal KTOB Subassembly","B","Each","13,500","0","0","13,500","3.64","49,140","49,140","49,140","0","USD",,"2026-06-08T04:00:00Z","2026-06-08T04:00:00Z","89,999","0","0","No Project",,"Rojas, Montserrat","Rojas, Montserrat","Rojas, Montserrat","Rojas, Montserrat","Shockwave Costa Rica","Shockwave Costa Rica",,,"Raw Material","Aero","Aero Raw Material",,,
"Shockwave Costa Rica","CRP0003711","OPEN","Yes","TEM002","Teleflex Medical OEM","10/10/2025","4","Open","Inventory","PN40009-04","Stripped End Copper Wire 0.005"" core (RED)","B","Feet","313,115","217,998","17,188","95,117","0.48","150,295.2","45,656.16","142,044.96","8,250.24","USD",,"2026-05-01T04:00:00Z","2026-05-01T04:00:00Z","11,100","0","0","No Project",,"Duarte, Erick","Duarte, Erick","Duarte, Erick","Duarte, Erick","Shockwave Costa Rica","Shockwave Costa Rica",,,"Raw Material","C2","C2/C2+ Raw Material",,,
"Shockwave Costa Rica","CRP0003712","OPEN","Yes","TEM002","Teleflex Medical OEM","10/10/2025","4","Open","Inventory","PN40009-05","Stripped End Copper Wire 0.005"" core (BLACK)","B","Feet","300,000","202,908","2,908","97,092","0.48","144,000","46,604.16","142,604.16","1,395.84","USD",,"2026-05-01T04:00:00Z","2026-05-01T04:00:00Z","11,100","0","0","No Project",,"Duarte, Erick","Duarte, Erick","Duarte, Erick","Duarte, Erick","Shockwave Costa Rica","Shockwave Costa Rica",,,"Raw Material","C2","C2/C2+ Raw Material",,,
"Shockwave Costa Rica","CRP0003713","OPEN","Yes","TEM002","Teleflex Medical OEM","10/10/2025","1","Open","Inventory","PN66210-01","Emitter Wire, .0050"" Core TML, Pre-stripped, Sx80, Red","A","Feet","56,000","0","0","56,000","0.56","31,360","31,360","31,360","0","USD",,"2026-05-15T04:00:00Z","2026-05-15T04:00:00Z","89,999","0","0","No Project",,"Duarte, Erick","Duarte, Erick","Duarte, Erick","Duarte, Erick","Shockwave Costa Rica","Shockwave Costa Rica",,,"Raw Material","X80","X80 Raw Material",,,
"Shockwave Costa Rica","CRP0003713","OPEN","Yes","TEM002","Teleflex Medical OEM","10/10/2025","2","Open","Inventory","PN66210-01","Emitter Wire, .0050"" Core TML, Pre-stripped, Sx80, Red","A","Feet","56,000","0","0","56,000","0.56","31,360","31,360","31,360","0","USD",,"2026-06-01T04:00:00Z","2026-06-01T04:00:00Z","89,999","0","0","No Project",,"Duarte, Erick","Duarte, Erick","Duarte, Erick","Duarte, Erick","Shockwave Costa Rica","Shockwave Costa Rica",,,"Raw Material","X80","X80 Raw Material",,,
"Shockwave Costa Rica","CRP0003714","OPEN","Yes","TEM002","Teleflex Medical OEM","10/10/2025","3","Open","Inventory","PN66210-03","Emitter Wire, .0050"" Core TML, Pre-stripped, Sx80, Green","A","Feet","40,000","0","0","40,000","0.6","24,000","24,000","24,000","0","USD",,"2026-06-01T04:00:00Z","2026-06-01T04:00:00Z","89,999","0","0","No Project",,"Duarte, Erick","Duarte, Erick","Duarte, Erick","Duarte, Erick","Shockwave Costa Rica","Shockwave Costa Rica",,,"Raw Material","X80","X80 Raw Material",,,
"Shockwave Costa Rica","CRP0003715","OPEN","Yes","TEM002","Teleflex Medical OEM","10/10/2025","2","Open","Inventory","PN66210-04","Emitter Wire, .0050"" Core TML, Pre-stripped, Sx80,Violet","A","Feet","50,000","286","286","49,714","0.53","26,500","26,348.42","26,348.42","151.58","USD",,"2026-05-08T04:00:00Z","2026-05-08T04:00:00Z","89,999","0","0","No Project",,"Duarte, Erick","Duarte, Erick","Duarte, Erick","Duarte, Erick","Shockwave Costa Rica","Shockwave Costa Rica",,,"Raw Material","X80","X80 Raw Material",,,
"Shockwave Costa Rica","CRP0003717","OPEN","Yes","TEM002","Teleflex Medical OEM","10/10/2025","2","Open","Inventory","PN66210-02","Emitter Wire, .0050"" Core TML, Pre-stripped, Sx80, Clear/Amber","A","Feet","50,000","3,426","3,426","46,574","0.54","27,000","25,149.96","25,149.96","1,850.04","USD",,"2026-05-08T04:00:00Z","2026-05-08T04:00:00Z","89,999","0","0","No Project",,"Duarte, Erick","Duarte, Erick","Duarte, Erick","Duarte, Erick","Shockwave Costa Rica","Shockwave Costa Rica",,,"Raw Material","X80","X80 Raw Material",,,
"Shockwave Costa Rica","CRP0003727","OPEN","Yes","JUN001","Junkosha USA Inc","10/14/2025","6","Open","Inventory","PN62808","PRE-CUT PEELABLE HEAT SHRINK 0.045in","D","Each","18,000","0","0","18,000","0.35","6,300","6,300","6,300","0","USD",,"2026-06-10T04:00:00Z","2026-06-10T04:00:00Z","51,105","0","0","No Project",,"Rojas, Montserrat","Rojas, Montserrat","Rojas, Montserrat","Rojas, Montserrat","Shockwave Costa Rica","Shockwave Costa Rica",,,"Raw Material","C2","C2/C2+ Raw Material",,,
"Shockwave Costa Rica","CRP0003729","OPEN","No","APM001","Spectrum Plastics Group - Apollo","10/14/2025","4","Open","Inventory","PN66943","5G C2 55D Pebax 80% Tungsten marker bands","A","Each","240","120","0","120","7.01","1,682.4","841.2","1,682.4","0","USD",,"2026-06-01T04:00:00Z","2026-06-01T04:00:00Z","89,999","0","0","No Project",,"Rojas, Montserrat","Rojas, Montserrat","Rojas, Montserrat","Rojas, Montserrat","Shockwave Costa Rica","Shockwave Costa Rica",,,"Raw Material","Aero","Aero Raw Material",,,
"Shockwave Costa Rica","CRP0003730","OPEN","Yes","ZEU002","Zeus Industrial Products","10/14/2025","6","Open","Inventory","PN70999","PTFE Tubing OD .093”, ID: .061""","A","Each","2,000","340","340","1,660","1.9","3,800","3,154","3,154","646","USD",,"2026-06-04T04:00:00Z","2026-06-04T04:00:00Z","89,999","0","0","No Project",,"Rojas, Montserrat","Rojas, Montserrat","Rojas, Montserrat","Rojas, Montserrat","Shockwave Costa Rica","Shockwave Costa Rica",,,"Raw Material","Aero","Aero Raw Material",,,
"Shockwave Costa Rica","CRP0003856","OPEN","Yes","SPE001","Spectralytics","11/05/2025","2","Open","Inventory","SA64776-02","Sx80 KTOB Proximal","F","Each","14,000","986","986","13,014","4.81","67,340","62,597.34","62,597.34","4,742.66","USD",,"2026-05-04T04:00:00Z","2026-05-29T04:00:00Z","89,999","0","0","No Project",,"Rojas, Montserrat","Rojas, Montserrat","Rojas, Montserrat","Rojas, Montserrat","Shockwave Costa Rica","Shockwave Costa Rica",,,"Raw Material","X80","X80 Raw Material",,,
"Shockwave Costa Rica","CRP0003868","OPEN","Yes","CAM006","Cathx Medical, Inc","11/06/2025","2","Open","Inventory","PN67165-06","HDPE BALLOON PROTECTOR SHEATH, E8, 0.052 ID","A","Each","5,000","0","0","5,000","0.55","2,750","2,750","2,750","0","USD",,"2026-05-08T04:00:00Z","2026-05-08T04:00:00Z","89,999","0","0","No Project",,"Duarte, Erick","Duarte, Erick","Duarte, Erick","Duarte, Erick","Shockwave Costa Rica","Shockwave Costa Rica",,,"Raw Material","X80","X80 Raw Material",,,
"Shockwave Costa Rica","CRP0003869","OPEN","Yes","CAM006","Cathx Medical, Inc","11/06/2025","2","Open","Inventory","PN67165-10","HDPE BALLOON PROTECTOR SHEATH, E8, 0.056 ID","A","Each","5,000","0","0","5,000","0.55","2,750","2,750","2,750","0","USD",,"2026-05-08T04:00:00Z","2026-05-08T04:00:00Z","89,999","0","0","No Project",,"Duarte, Erick","Duarte, Erick","Duarte, Erick","Duarte, Erick","Shockwave Costa Rica","Shockwave Costa Rica",,,"Raw Material","X80","X80 Raw Material",,,
"Shockwave Costa Rica","CRP0003873","OPEN","Yes","IND004","Advanced Process Engineering, Inc. fka Innova Design","11/06/2025","6","Open","Inventory","PN67909","Railblazer, Sherpa Polyolefin Heat Shrink Tubing, Distal","A","Each","3,000","2,250","2,250","750","3.85","11,550","2,887.5","2,887.5","8,662.5","USD",,"2026-05-08T04:00:00Z","2026-05-08T04:00:00Z","89,999","0","0","No Project",,"Rojas, Montserrat","Rojas, Montserrat","Rojas, Montserrat","Rojas, Montserrat","Shockwave Costa Rica","Shockwave Costa Rica",,,"Raw Material","Aero","Aero Raw Material",,,
"Shockwave Costa Rica","CRP0003873","OPEN","Yes","IND004","Advanced Process Engineering, Inc. fka Innova Design","11/06/2025","7","Open","Inventory","PN67909","Railblazer, Sherpa Polyolefin Heat Shrink Tubing, Distal","A","Each","3,000","0","0","3,000","3.85","11,550","11,550","11,550","0","USD",,"2026-06-05T04:00:00Z","2026-06-05T04:00:00Z","89,999","0","0","No Project",,"Rojas, Montserrat","Rojas, Montserrat","Rojas, Montserrat","Rojas, Montserrat","Shockwave Costa Rica","Shockwave Costa Rica",,,"Raw Material","Aero","Aero Raw Material",,,
"Shockwave Costa Rica","CRP0003874","OPEN","Yes","IND004","Advanced Process Engineering, Inc. fka Innova Design","11/06/2025","7","Open","Inventory","PN71060","Railblazer Polyolefin Heat Shrink Tubing, Proximal Bond","A","Each","1,000","500","500","500","4.74","4,740","2,370","2,370","2,370","USD",,"2026-06-05T04:00:00Z","2026-06-05T04:00:00Z","89,999","0","0","No Project",,"Rojas, Montserrat","Rojas, Montserrat","Rojas, Montserrat","Rojas, Montserrat","Shockwave Costa Rica","Shockwave Costa Rica",,,"Raw Material","Aero","Aero Raw Material",,,
"Shockwave Costa Rica","CRP0003932","OPEN","Yes","ADU001","Resonetics, LLC","11/17/2025","4","Open","Inventory","PN30079-05","Inner Electrode Sleeve  ID/OD 0.007/0.010","D","Each","53,000","33,030","33,030","19,970","0.56","29,680","11,183.2","11,183.2","18,496.8","USD",,"2026-05-29T04:00:00Z","2026-05-29T04:00:00Z","11,100","0","0","No Project",,"Araya, Kimberly","Araya, Kimberly","Araya, Kimberly","Araya, Kimberly","Shockwave Costa Rica","Shockwave Costa Rica",,,"Raw Material","RM","Common Raw Material",,,
"Shockwave Costa Rica","CRP0003966","OPEN","Yes","CAM006","Cathx Medical, Inc","11/19/2025","2","Open","Inventory","PN67165-21","HDPE BALLOON PROTECTOR SHEATH, E8, 0.070 ID","A","Each","5,000","0","0","5,000","0.55","2,750","2,750","2,750","0","USD",,"2026-05-08T04:00:00Z","2026-05-08T04:00:00Z","89,999","0","0","No Project",,"Duarte, Erick","Duarte, Erick","Duarte, Erick","Duarte, Erick","Shockwave Costa Rica","Shockwave Costa Rica",,,"Raw Material","X80","X80 Raw Material",,,
"Shockwave Costa Rica","CRP0003968","OPEN","Yes","CAM006","Cathx Medical, Inc","11/19/2025","1","Open","Inventory","PN65223","Bumped Outershaft, Sx80","A","Each","6,000","0","0","6,000","3.1","18,600","18,600","18,600","0","USD",,"2026-05-01T04:00:00Z","2026-05-01T04:00:00Z","89,999","0","0","No Project",,"Duarte, Erick","Duarte, Erick","Duarte, Erick","Duarte, Erick","Shockwave Costa Rica","Shockwave Costa Rica",,,"Raw Material","X80","X80 Raw Material",,,
"Shockwave Costa Rica","CRP0004056","OPEN","Yes","COP003","Cobalt Polymers","12/03/2025","3","Open","Inventory","PN67651","5G C2 Polyolefin Heat Shrink Tubing, Uncut","A","Feet","10,000","0","0","10,000","2.01","20,100","20,100","20,100","0","USD",,"2026-05-30T04:00:00Z","2026-05-30T04:00:00Z","89,999","0","0","No Project",,"Araya, Kimberly","Araya, Kimberly","Araya, Kimberly","Araya, Kimberly","Shockwave Costa Rica","Shockwave Costa Rica",,,"Raw Material","Aero","Aero Raw Material",,,
"Shockwave Costa Rica","CRP0004056","OPEN","Yes","COP003","Cobalt Polymers","12/03/2025","4","Open","Inventory","PN67651","5G C2 Polyolefin Heat Shrink Tubing, Uncut","A","Feet","10,000","0","0","10,000","2.01","20,100","20,100","20,100","0","USD",,"2026-05-30T04:00:00Z","2026-05-30T04:00:00Z","89,999","0","0","No Project",,"Araya, Kimberly","Araya, Kimberly","Araya, Kimberly","Araya, Kimberly","Shockwave Costa Rica","Shockwave Costa Rica",,,"Raw Material","Aero","Aero Raw Material",,,
"Shockwave Costa Rica","CRP0004059","OPEN","Yes","CRU001","Creganna Unlimited Company","12/03/2025","4","Open","Inventory","PN65279-3012","Coronary Pebax 7433 12mm Balloon","A","Each","5,000","55","55","4,945","10.45","52,250","51,675.25","51,675.25","574.75","USD",,"2026-05-29T04:00:00Z","2026-05-29T04:00:00Z","89,999","0","0","No Project",,"Araya, Kimberly","Araya, Kimberly","Araya, Kimberly","Araya, Kimberly","Shockwave Costa Rica","Shockwave Costa Rica",,,"Raw Material","Aero","Aero Raw Material",,,
"Shockwave Costa Rica","CRP0004092","OPEN","Yes","MOP001","MOS Plastics","12/05/2025","3","Open","Inventory","PN66045-02","PRINTED STRAIN RELIEF, CORONARY, 3.0X12MM","A","Each","7,500","500","500","7,000","0.54","4,050","3,780","3,780","270","USD",,"2026-04-03T04:00:00Z","2026-04-03T04:00:00Z","89,999","0","0","No Project",,"Duarte, Erick","Duarte, Erick","Duarte, Erick","Duarte, Erick","Shockwave Costa Rica","Shockwave Costa Rica",,,"Raw Material","C2","C2+ Raw Material",,,
"Shockwave Costa Rica","CRP0004093","OPEN","Yes","MOP001","MOS Plastics","12/05/2025","3","Open","Inventory","PN66045-03","PRINTED STRAIN RELIEF, CORONARY, 3.5X12MM","A","Each","7,500","500","0","7,000","0.54","4,050","3,780","4,050","0","USD",,"2026-04-03T04:00:00Z","2026-04-03T04:00:00Z","89,999","0","0","No Project",,"Duarte, Erick","Duarte, Erick","Duarte, Erick","Duarte, Erick","Shockwave Costa Rica","Shockwave Costa Rica",,,"Raw Material","C2","C2+ Raw Material",,,
"Shockwave Costa Rica","CRP0004094","OPEN","Yes","MOP001","MOS Plastics","12/05/2025","3","Open","Inventory","PN66045-04","PRINTED STRAIN RELIEF, CORONARY, 4.0X12MM","A","Each","7,500","500","500","7,000","0.54","4,050","3,780","3,780","270","USD",,"2026-04-09T04:00:00Z","2026-04-09T04:00:00Z","89,999","0","0","No Project",,"Duarte, Erick","Duarte, Erick","Duarte, Erick","Duarte, Erick","Shockwave Costa Rica","Shockwave Costa Rica",,,"Raw Material","C2","C2+ Raw Material",,,
"Shockwave Costa Rica","CRP0004126","OPEN","Yes","CRU001","Creganna Unlimited Company","12/09/2025","4","Open","Inventory","PN65279-2512","Coronary Pebax 7433 12mm Balloon","A","Each","2,100","12","12","2,088","10.45","21,945","21,819.6","21,819.6","125.4","USD",,"2026-05-29T04:00:00Z","2026-05-29T04:00:00Z","89,999","0","0","No Project",,"Araya, Kimberly","Araya, Kimberly","Araya, Kimberly","Araya, Kimberly","Shockwave Costa Rica","Shockwave Costa Rica",,,"Raw Material","Aero","Aero Raw Material",,,
"Shockwave Costa Rica","CRP0004127","OPEN","Yes","CRU001","Creganna Unlimited Company","12/09/2025","4","Open","Inventory","PN65279-3512","Coronary Pebax 7433 12mm Balloon","A","Each","2,700","240","240","2,460","10.45","28,215","25,707","25,707","2,508","USD",,"2026-05-29T04:00:00Z","2026-05-29T04:00:00Z","89,999","0","0","No Project",,"Araya, Kimberly","Araya, Kimberly","Araya, Kimberly","Araya, Kimberly","Shockwave Costa Rica","Shockwave Costa Rica",,,"Raw Material","Aero","Aero Raw Material",,,
"Shockwave Costa Rica","CRP0004128","OPEN","Yes","CRU001","Creganna Unlimited Company","12/09/2025","4","Open","Inventory","PN65279-4012","Coronary Pebax 7433 12mm Balloon","A","Each","1,650","420","0","1,230","10.1","16,665","12,423","16,665","0","USD",,"2026-05-29T04:00:00Z","2026-05-29T04:00:00Z","89,999","0","0","No Project",,"Araya, Kimberly","Araya, Kimberly","Araya, Kimberly","Araya, Kimberly","Shockwave Costa Rica","Shockwave Costa Rica",,,"Raw Material","Aero","Aero Raw Material",,,
"Shockwave Costa Rica","CRP0004134","OPEN","Yes","11522","Corporacion Grafica Poliart SA","12/09/2025","2","Open","Inventory","PN60015-01","Shipper Box","F","Each","1,500","0","0","1,500","1.28","1,920","1,920","1,920","0","USD",,"2026-05-08T04:00:00Z","2026-05-08T04:00:00Z","51,105","0","0","No Project",,"Duarte, Erick","Duarte, Erick","Duarte, Erick","Duarte, Erick","Shockwave Costa Rica","Shockwave Costa Rica",,,"Raw Material","RM","Common Raw Material",,,
"Shockwave Costa Rica","CRP0004134","OPEN","Yes","11522","Corporacion Grafica Poliart SA","12/09/2025","3","Open","Inventory","PN60015-01","Shipper Box","F","Each","1,500","0","0","1,500","1.28","1,920","1,920","1,920","0","USD",,"2026-06-05T04:00:00Z","2026-06-05T04:00:00Z","51,105","0","0","No Project",,"Duarte, Erick","Duarte, Erick","Duarte, Erick","Duarte, Erick","Shockwave Costa Rica","Shockwave Costa Rica",,,"Raw Material","RM","Common Raw Material",,,
"Shockwave Costa Rica","CRP0004228","OPEN","Yes","PHL001","Pharmaceutic Litho and Label","12/18/2025","4","Open","Inventory","PN75118","IFU Shockwave E8 UKCA MDR with Shockwave Coater","B","Each","250","0","0","250","4.19","1,047.5","1,047.5","1,047.5","0","USD",,"2026-04-24T04:00:00Z","2026-04-24T04:00:00Z","89,999","0","0","No Project",,"Araya, Kimberly","Araya, Kimberly","Araya, Kimberly","Araya, Kimberly","Shockwave Costa Rica","Shockwave Costa Rica",,,"Product Label / IFU Content","IFU Content","X80 IFU Content",,,
"Shockwave Costa Rica","CRP0004249","OPEN","Yes","CAM006","Cathx Medical, Inc","12/19/2025","2","Open","Inventory","PN64212-01","Lx Outer Shaft","B","Each","4,000","0","0","4,000","1.33","5,320","5,320","5,320","0","USD",,"2026-05-29T04:00:00Z","2026-05-29T04:00:00Z","11,100","0","0","No Project",,"Araya, Kimberly","Araya, Kimberly","Araya, Kimberly","Araya, Kimberly","Shockwave Costa Rica","Shockwave Costa Rica",,,"Raw Material","L6-RM","L6 Raw Material",,,
"Shockwave Costa Rica","CRP0004257","OPEN","Yes","COP003","Cobalt Polymers","12/19/2025","4","Open","Inventory","PN71189","Polyolefin Heat Shrink Tubing, Rx Bond","A","Feet","750","0","0","750","1.87","1,402.5","1,402.5","1,402.5","0","USD",,"2026-05-29T04:00:00Z","2026-05-29T04:00:00Z","89,999","0","0","No Project",,"Araya, Kimberly","Araya, Kimberly","Araya, Kimberly","Araya, Kimberly","Shockwave Costa Rica","Shockwave Costa Rica",,,"Raw Material","Aero","Aero Raw Material",,,
"Shockwave Costa Rica","CRP0004299","OPEN","Yes","10939","Nelipak Healthcare Packaging (Costa Rica)","01/05/2026","1","Open","Inventory","PN61136","Backer Card","F","Each","50,000","26,500","18,500","23,500","0.885","44,250","20,797.5","27,877.5","16,372.5","USD",,"2026-05-21T04:00:00Z","2026-05-21T04:00:00Z","11,100","0","0","No Project",,"Duarte, Erick","Duarte, Erick","Duarte, Erick","Duarte, Erick","Shockwave Costa Rica","Shockwave Costa Rica",,,"Raw Material","RM","Common Raw Material",,,
"Shockwave Costa Rica","CRP0004324","OPEN","Yes","ADM001","Advance Medical Designs, Inc","01/08/2026","1","Open","Inventory","PN64037","OEM Sterile Cable Sleeve , Single","H","Each","16,000","0","0","16,000","2","32,000","32,000","32,000","0","USD",,"2026-05-08T04:00:00Z","2026-05-08T04:00:00Z","12,000","0","0","No Project",,"Duarte, Erick","Duarte, Erick","Duarte, Erick","Duarte, Erick","Shockwave Costa Rica","Shockwave Costa Rica",,,"Raw Material","RM","Common Raw Material",,,
"Shockwave Costa Rica","CRP0004324","OPEN","Yes","ADM001","Advance Medical Designs, Inc","01/08/2026","2","Open","Inventory","PN64037","OEM Sterile Cable Sleeve , Single","H","Each","12,000","0","0","12,000","2","24,000","24,000","24,000","0","USD",,"2026-06-05T04:00:00Z","2026-06-05T04:00:00Z","12,000","0","0","No Project",,"Duarte, Erick","Duarte, Erick","Duarte, Erick","Duarte, Erick","Shockwave Costa Rica","Shockwave Costa Rica",,,"Raw Material","RM","Common Raw Material",,,
"Shockwave Costa Rica","CRP0004359","OPEN","Yes","ADR002","Adroit USA, Inc","01/12/2026","4","Open","Inventory","TL61217","SUB-ASSEMBLY WIRE HOLDER","B","Each","7,500","0","0","7,500","0.6","4,500","4,500","4,500","0","USD",,"2026-05-29T04:00:00Z","2026-05-29T04:00:00Z","51,105","0","0","No Project",,"Araya, Kimberly","Araya, Kimberly","Araya, Kimberly","Araya, Kimberly","Shockwave Costa Rica","Shockwave Costa Rica",,,"Raw Material","M5","M5/M5+ Raw Material",,,
"Shockwave Costa Rica","CRP0004361","OPEN","Yes","TEM002","Teleflex Medical OEM","01/12/2026","1","Open","Inventory","PN66210-02","Emitter Wire, .0050"" Core TML, Pre-stripped, Sx80, Clear/Amber","A","Feet","120,000","0","0","120,000","0.54","64,800","64,800","64,800","0","USD",,"2026-06-01T04:00:00Z","2026-06-01T04:00:00Z","89,999","0","0","No Project",,"Duarte, Erick","Duarte, Erick","Duarte, Erick","Duarte, Erick","Shockwave Costa Rica","Shockwave Costa Rica",,,"Raw Material","X80","X80 Raw Material",,,
"Shockwave Costa Rica","CRP0004408","OPEN","Yes","10202","Empresa Montero Solano S.A.","01/16/2026","3","Open","Inventory","SU10012","White Sticky Mat","B","Box","25","0","0","25","59.84","1,496","1,496","1,496","0","USD",,"2026-04-30T04:00:00Z","2026-04-30T04:00:00Z","89,999","0","0","No Project",,"Leiton Villalobos, Byron","Leiton Villalobos, Byron","Leiton Villalobos, Byron","Leiton Villalobos, Byron","Shockwave Costa Rica","Shockwave Costa Rica","2092645W-A",,"Tooling Family","Tooling Group","Tooling",,,
"Shockwave Costa Rica","CRP0004517","OPEN","Yes","10805","DISTRIBUIDORA RS HUGHES DE COSTA RICA","01/27/2026","1","Open","Inventory","SU10016-01","Pliers, Long Nose","D","Each","36","13","13","23","32.82","1,181.52","754.86","754.86","426.66","USD",,"2026-02-13T05:00:00Z","2026-02-13T05:00:00Z","89,999","0","0","No Project",,"Leiton Villalobos, Byron","Leiton Villalobos, Byron","Leiton Villalobos, Byron","Leiton Villalobos, Byron","Shockwave Costa Rica","Shockwave Costa Rica","2844",,"Tooling Family","Tooling Group","Tooling",,,
"Shockwave Costa Rica","CRP0004560","OPEN","Yes","APP001","Applied Plastics Co, Inc","01/30/2026","5","Open","Inventory","PN60035-02","PTFE COATED MANDREL, OD 0.0165"", length 24""","F","Each","1,000","0","0","1,000","5.4","5,400","5,400","5,400","0","USD",,"2026-05-18T04:00:00Z","2026-05-18T04:00:00Z","51,105","0","0","No Project",,"Araya, Kimberly","Araya, Kimberly","Araya, Kimberly","Araya, Kimberly","Shockwave Costa Rica","Shockwave Costa Rica",,,"Raw Material","C2","C2/C2+ Raw Material",,,
"Shockwave Costa Rica","CRP0004581","OPEN","Yes","CRU001","Creganna Unlimited Company","02/03/2026","3","Open","Inventory","PN62352-3012","3.0x12 mm BALLOON, C2 Coronary IVL","B","Each","2,000","613","0","1,387","7.8","15,600","10,818.6","15,600","0","USD",,"2026-06-08T04:00:00Z","2026-06-08T04:00:00Z","11,100","0","0","No Project",,"Duarte, Erick","Duarte, Erick","Duarte, Erick","Duarte, Erick","Shockwave Costa Rica","Shockwave Costa Rica",,,"Raw Material","C2","C2/C2+ Raw Material",,,
"Shockwave Costa Rica","CRP0004631","OPEN","Yes","ICR001","ICO RALLY","02/09/2026","1","Open","Inventory","PN62741","PRE-CUT CATH STRAIN RELIEF 1ST LAYER","A","Each","36,000","0","0","36,000","0.361","12,996","12,996","12,996","0","USD",,"2026-05-01T04:00:00Z","2026-05-01T04:00:00Z","51,105","0","0","No Project",,"Araya, Kimberly","Araya, Kimberly","Araya, Kimberly","Araya, Kimberly","Shockwave Costa Rica","Shockwave Costa Rica",,,"Raw Material","C2","C2/C2+ Raw Material",,,
"Shockwave Costa Rica","CRP0004631","OPEN","Yes","ICR001","ICO RALLY","02/09/2026","2","Open","Inventory","PN62741","PRE-CUT CATH STRAIN RELIEF 1ST LAYER","A","Each","36,000","0","0","36,000","0.361","12,996","12,996","12,996","0","USD",,"2026-06-05T04:00:00Z","2026-06-05T04:00:00Z","51,105","0","0","No Project",,"Araya, Kimberly","Araya, Kimberly","Araya, Kimberly","Araya, Kimberly","Shockwave Costa Rica","Shockwave Costa Rica",,,"Raw Material","C2","C2/C2+ Raw Material",,,
"Shockwave Costa Rica","CRP0004634","OPEN","Yes","10805","DISTRIBUIDORA RS HUGHES DE COSTA RICA","02/09/2026","1","Open","Inventory","PN30184","Loctite 3922","H","Each","600","460","460","140","43.05","25,830","6,027","6,027","19,803","USD",,"2026-05-08T04:00:00Z","2026-05-08T04:00:00Z","51,105","0","0","No Project",,"Araya, Kimberly","Araya, Kimberly","Araya, Kimberly","Araya, Kimberly","Shockwave Costa Rica","Shockwave Costa Rica",,,"Raw Material","RM","Common Raw Material",,,
"Shockwave Costa Rica","CRP0004638","OPEN","Yes","10805","DISTRIBUIDORA RS HUGHES DE COSTA RICA","02/09/2026","1","Open","Inventory","PN30192","Loctite 3526","G","Each","400","0","0","400","35.94","14,376","14,376","14,376","0","USD",,"2026-05-01T04:00:00Z","2026-05-01T04:00:00Z","51,105","0","0","No Project",,"Araya, Kimberly","Araya, Kimberly","Araya, Kimberly","Araya, Kimberly","Shockwave Costa Rica","Shockwave Costa Rica",,,"Raw Material","RM","Common Raw Material",,,
"Shockwave Costa Rica","CRP0004638","OPEN","Yes","10805","DISTRIBUIDORA RS HUGHES DE COSTA RICA","02/09/2026","2","Open","Inventory","PN30192","Loctite 3526","G","Each","400","0","0","400","35.94","14,376","14,376","14,376","0","USD",,"2026-06-05T04:00:00Z","2026-06-05T04:00:00Z","51,105","0","0","No Project",,"Araya, Kimberly","Araya, Kimberly","Araya, Kimberly","Araya, Kimberly","Shockwave Costa Rica","Shockwave Costa Rica",,,"Raw Material","RM","Common Raw Material",,,
"Shockwave Costa Rica","CRP0004639","OPEN","Yes","10805","DISTRIBUIDORA RS HUGHES DE COSTA RICA","02/09/2026","2","Open","Inventory","PN40018","Loctite 3972","C","Each","250","150","150","100","42.65","10,662.5","4,265","4,265","6,397.5","USD",,"2026-06-05T04:00:00Z","2026-06-05T04:00:00Z","51,105","0","0","No Project",,"Araya, Kimberly","Araya, Kimberly","Araya, Kimberly","Araya, Kimberly","Shockwave Costa Rica","Shockwave Costa Rica",,,"Raw Material","RM","Common Raw Material",,,
"Shockwave Costa Rica","CRP0004649","OPEN","Yes","10165","Resonetics SA","02/10/2026","1","Open","Inventory","PN66861-01","Distal Marker Band, X80","A","Each","5,000","0","0","5,000","0.8","4,000","4,000","4,000","0","USD",,"2026-05-29T04:00:00Z","2026-05-29T04:00:00Z","89,999","0","0","No Project",,"Araya, Kimberly","Araya, Kimberly","Araya, Kimberly","Araya, Kimberly","Shockwave Costa Rica","Shockwave Costa Rica",,,"Raw Material","X80","X80 Raw Material",,,
"Shockwave Costa Rica","CRP0004658","OPEN","Yes","INC001","Confluent Medical Technologies, Inc","02/11/2026","1","Open","Inventory","PN66124-80","4.0 x Lmm Pebax7433 BALLOON","B","Each","1,000","0","0","1,000","10.4","10,400","10,400","10,400","0","USD",,"2026-04-24T04:00:00Z","2026-05-11T04:00:00Z","89,999","0","0","No Project",,"Araya, Kimberly","Araya, Kimberly","Araya, Kimberly","Araya, Kimberly","Shockwave Costa Rica","Shockwave Costa Rica",,,"Raw Material","X80","X80 Raw Material",,,
"Shockwave Costa Rica","CRP0004720","OPEN","Yes","10805","DISTRIBUIDORA RS HUGHES DE COSTA RICA","02/18/2026","3","Open","Inventory","SU60702","Tweezer with round tip","C","Each","40","30","0","10","27.58","1,103.2","275.8","1,103.2","0","USD",,"2026-05-01T04:00:00Z","2026-05-01T04:00:00Z","89,999","0","0","No Project",,"Leiton Villalobos, Byron","Leiton Villalobos, Byron","Leiton Villalobos, Byron","Leiton Villalobos, Byron","Shockwave Costa Rica","Shockwave Costa Rica","2A-SA-PI",,"Tooling Family","Tooling Group","Tooling",,,
"Shockwave Costa Rica","CRP0004761","OPEN","Yes","10805","DISTRIBUIDORA RS HUGHES DE COSTA RICA","02/23/2026","3","Open","Inventory","SU60206-01","Flexible Dispenser Tips, 20 Ga, Pink","F","Bag","32","8","8","24","52","1,664","1,248","1,248","416","USD",,"2026-05-04T04:00:00Z","2026-05-04T04:00:00Z","89,999","0","0","No Project",,"Leiton Villalobos, Byron","Leiton Villalobos, Byron","Leiton Villalobos, Byron","Leiton Villalobos, Byron","Shockwave Costa Rica","Shockwave Costa Rica","079340-97231",,"Raw Material","RM","Common Raw Material",,,
"Shockwave Costa Rica","CRP0004763","OPEN","Yes","ADR002","Adroit USA, Inc","02/23/2026","4","Open","Inventory","TL61517","Wire Holder NG Coronary","A","Each","6,000","0","0","6,000","0.6","3,600","3,600","3,600","0","USD",,"2026-05-18T04:00:00Z","2026-05-18T04:00:00Z","51,105","0","0","No Project",,"Araya, Kimberly","Araya, Kimberly","Araya, Kimberly","Araya, Kimberly","Shockwave Costa Rica","Shockwave Costa Rica",,,"Raw Material","C2","C2/C2+ Raw Material",,,
"Shockwave Costa Rica","CRP0004763","OPEN","Yes","ADR002","Adroit USA, Inc","02/23/2026","5","Open","Inventory","TL61517","Wire Holder NG Coronary","A","Each","6,000","0","0","6,000","0.6","3,600","3,600","3,600","0","USD",,"2026-06-01T04:00:00Z","2026-06-01T04:00:00Z","51,105","0","0","No Project",,"Araya, Kimberly","Araya, Kimberly","Araya, Kimberly","Araya, Kimberly","Shockwave Costa Rica","Shockwave Costa Rica",,,"Raw Material","C2","C2/C2+ Raw Material",,,
"Shockwave Costa Rica","CRP0004765","OPEN","Yes","10805","DISTRIBUIDORA RS HUGHES DE COSTA RICA","02/23/2026","2","Open","Inventory","SU10013-06","STAINLESS STEEL DISPENSE TIP, 30 Ga, Lavender","G","Bag","80","41","41","39","37.5","3,000","1,462.5","1,462.5","1,537.5","USD",,"2026-05-04T04:00:00Z","2026-05-04T04:00:00Z","89,999","0","0","No Project",,"Leiton Villalobos, Byron","Leiton Villalobos, Byron","Leiton Villalobos, Byron","Leiton Villalobos, Byron","Shockwave Costa Rica","Shockwave Costa Rica","079340-98070",,"Raw Material","RM","Common Raw Material",,,
"Shockwave Costa Rica","CRP0004765","OPEN","Yes","10805","DISTRIBUIDORA RS HUGHES DE COSTA RICA","02/23/2026","3","Open","Inventory","SU10013-06","STAINLESS STEEL DISPENSE TIP, 30 Ga, Lavender","G","Bag","80","0","0","80","37.5","3,000","3,000","3,000","0","USD",,"2026-06-01T04:00:00Z","2026-06-01T04:00:00Z","89,999","0","0","No Project",,"Leiton Villalobos, Byron","Leiton Villalobos, Byron","Leiton Villalobos, Byron","Leiton Villalobos, Byron","Shockwave Costa Rica","Shockwave Costa Rica","079340-98070",,"Raw Material","RM","Common Raw Material",,,
"Shockwave Costa Rica","CRP0004769","OPEN","Yes","10805","DISTRIBUIDORA RS HUGHES DE COSTA RICA","02/23/2026","1","Open","Inventory","SU60702","Tweezer with round tip","C","Each","29","0","0","29","27.58","799.82","799.82","799.82","0","USD",,"2026-03-09T04:00:00Z","2026-03-09T04:00:00Z","89,999","0","0","No Project",,"Leiton Villalobos, Byron","Leiton Villalobos, Byron","Leiton Villalobos, Byron","Leiton Villalobos, Byron","Shockwave Costa Rica","Shockwave Costa Rica","2A-SA-PI",,"Tooling Family","Tooling Group","Tooling",,,
"Shockwave Costa Rica","CRP0004769","OPEN","Yes","10805","DISTRIBUIDORA RS HUGHES DE COSTA RICA","02/23/2026","2","Open","Inventory","SU60702","Tweezer with round tip","C","Each","100","0","0","100","27.58","2,758","2,758","2,758","0","USD",,"2026-04-06T04:00:00Z","2026-04-06T04:00:00Z","89,999","0","0","No Project",,"Leiton Villalobos, Byron","Leiton Villalobos, Byron","Leiton Villalobos, Byron","Leiton Villalobos, Byron","Shockwave Costa Rica","Shockwave Costa Rica","2A-SA-PI",,"Tooling Family","Tooling Group","Tooling",,,
"Shockwave Costa Rica","CRP0004769","OPEN","Yes","10805","DISTRIBUIDORA RS HUGHES DE COSTA RICA","02/23/2026","3","Open","Inventory","SU60702","Tweezer with round tip","C","Each","80","0","0","80","27.58","2,206.4","2,206.4","2,206.4","0","USD",,"2026-05-04T04:00:00Z","2026-05-04T04:00:00Z","89,999","0","0","No Project",,"Leiton Villalobos, Byron","Leiton Villalobos, Byron","Leiton Villalobos, Byron","Leiton Villalobos, Byron","Shockwave Costa Rica","Shockwave Costa Rica","2A-SA-PI",,"Tooling Family","Tooling Group","Tooling",,,
"Shockwave Costa Rica","CRP0004769","OPEN","Yes","10805","DISTRIBUIDORA RS HUGHES DE COSTA RICA","02/23/2026","4","Open","Inventory","SU60702","Tweezer with round tip","C","Each","90","0","0","90","27.58","2,482.2","2,482.2","2,482.2","0","USD",,"2026-06-01T04:00:00Z","2026-06-01T04:00:00Z","89,999","0","0","No Project",,"Leiton Villalobos, Byron","Leiton Villalobos, Byron","Leiton Villalobos, Byron","Leiton Villalobos, Byron","Shockwave Costa Rica","Shockwave Costa Rica","2A-SA-PI",,"Tooling Family","Tooling Group","Tooling",,,
"Shockwave Costa Rica","CRP0004782","OPEN","Yes","10805","DISTRIBUIDORA RS HUGHES DE COSTA RICA","02/25/2026","1","Open","Inventory","PN30229","Loctite 4011","H","Each","60","0","0","60","30.86","1,851.6","1,851.6","1,851.6","0","USD",,"2026-04-30T04:00:00Z","2026-04-30T04:00:00Z","51,105","0","0","No Project",,"Araya, Kimberly","Araya, Kimberly","Araya, Kimberly","Araya, Kimberly","Shockwave Costa Rica","Shockwave Costa Rica",,,"Raw Material","RM","Common Raw Material",,,
"Shockwave Costa Rica","CRP0004782","OPEN","Yes","10805","DISTRIBUIDORA RS HUGHES DE COSTA RICA","02/25/2026","2","Open","Inventory","PN30229","Loctite 4011","H","Each","60","0","0","60","30.86","1,851.6","1,851.6","1,851.6","0","USD",,"2026-05-29T04:00:00Z","2026-05-29T04:00:00Z","51,105","0","0","No Project",,"Araya, Kimberly","Araya, Kimberly","Araya, Kimberly","Araya, Kimberly","Shockwave Costa Rica","Shockwave Costa Rica",,,"Raw Material","RM","Common Raw Material",,,
"Shockwave Costa Rica","CRP0004788","OPEN","No","12539","Poliart Impresores SA","02/26/2026","4","Open","Inventory","PN73214","Printed Carton, RailBlazer","B","Each","7,500","3,800","3,800","3,700","0.47","3,525","1,739","1,739","1,786","USD",,"2026-04-30T04:00:00Z","2026-04-30T04:00:00Z","89,999","0","0","No Project",,"Duarte, Erick","Murillo, Joel Aguilar","Duarte, Erick","Duarte, Erick","Shockwave Costa Rica","Shockwave Costa Rica",,,"Raw Material","Aero","Aero Raw Material",,,
"Shockwave Costa Rica","CRP0004788","OPEN","No","12539","Poliart Impresores SA","02/26/2026","5","Open","Inventory","PN73214","Printed Carton, RailBlazer","B","Each","10,000","0","0","10,000","0.47","4,700","4,700","4,700","0","USD",,"2026-05-15T04:00:00Z","2026-05-15T04:00:00Z","89,999","0","0","No Project",,"Duarte, Erick","Murillo, Joel Aguilar","Duarte, Erick","Duarte, Erick","Shockwave Costa Rica","Shockwave Costa Rica",,,"Raw Material","Aero","Aero Raw Material",,,
"Shockwave Costa Rica","CRP0004788","OPEN","No","12539","Poliart Impresores SA","02/26/2026","6","Open","Inventory","PN73214","Printed Carton, RailBlazer","B","Each","7,500","0","0","7,500","0.47","3,525","3,525","3,525","0","USD",,"2026-05-30T04:00:00Z","2026-05-30T04:00:00Z","89,999","0","0","No Project",,"Duarte, Erick","Murillo, Joel Aguilar","Duarte, Erick","Duarte, Erick","Shockwave Costa Rica","Shockwave Costa Rica",,,"Raw Material","Aero","Aero Raw Material",,,
"Shockwave Costa Rica","CRP0004837","OPEN","Yes","11522","Corporacion Grafica Poliart SA","03/04/2026","3","Open","Inventory","PN61177","Tamperproof Seal","D","Each","10,000","0","0","10,000","0.081","810","810","810","0","USD",,"2026-05-11T04:00:00Z","2026-05-11T04:00:00Z","51,105","0","0","No Project",,"Murillo, Joel Aguilar","Murillo, Joel Aguilar","Murillo, Joel Aguilar","Murillo, Joel Aguilar","Shockwave Costa Rica","Shockwave Costa Rica",,,"Raw Material","RM","Common Raw Material",,,
"Shockwave Costa Rica","CRP0004843","OPEN","Yes","11522","Corporacion Grafica Poliart SA","03/05/2026","2","Open","Inventory","PN63954","LABEL STOCK 8""X8"", 3.8"" PEEL-OFF","D","Each","7,500","2,500","7,250","5,000","0.158","1,185","790","39.5","1,145.5","USD",,"2026-04-13T04:00:00Z","2026-04-13T04:00:00Z","51,105","0","0","No Project",,"Murillo, Joel Aguilar","Murillo, Joel Aguilar","Murillo, Joel Aguilar","Murillo, Joel Aguilar","Shockwave Costa Rica","Shockwave Costa Rica",,,"Raw Material","RM","Common Raw Material",,,
"Shockwave Costa Rica","CRP0004843","OPEN","Yes","11522","Corporacion Grafica Poliart SA","03/05/2026","4","Open","Inventory","PN63954","LABEL STOCK 8""X8"", 3.8"" PEEL-OFF","D","Each","7,500","0","0","7,500","0.158","1,185","1,185","1,185","0","USD",,"2026-06-08T04:00:00Z","2026-06-08T04:00:00Z","51,105","0","0","No Project",,"Murillo, Joel Aguilar","Murillo, Joel Aguilar","Murillo, Joel Aguilar","Murillo, Joel Aguilar","Shockwave Costa Rica","Shockwave Costa Rica",,,"Raw Material","RM","Common Raw Material",,,
"Shockwave Costa Rica","CRP0004846","OPEN","Yes","11522","Corporacion Grafica Poliart SA","03/05/2026","1","Open","Inventory","PN63376","Label Stock, 8x10","D","Each","30,000","0","0","30,000","0.169","5,070","5,070","5,070","0","USD",,"2026-04-06T04:00:00Z","2026-04-06T04:00:00Z","51,105","0","0","No Project",,"Murillo, Joel Aguilar","Murillo, Joel Aguilar","Murillo, Joel Aguilar","Murillo, Joel Aguilar","Shockwave Costa Rica","Shockwave Costa Rica",,,"Raw Material","RM","Common Raw Material",,,
"Shockwave Costa Rica","CRP0004846","OPEN","Yes","11522","Corporacion Grafica Poliart SA","03/05/2026","2","Open","Inventory","PN63376","Label Stock, 8x10","D","Each","30,000","0","0","30,000","0.169","5,070","5,070","5,070","0","USD",,"2026-05-06T04:00:00Z","2026-05-06T04:00:00Z","51,105","0","0","No Project",,"Murillo, Joel Aguilar","Murillo, Joel Aguilar","Murillo, Joel Aguilar","Murillo, Joel Aguilar","Shockwave Costa Rica","Shockwave Costa Rica",,,"Raw Material","RM","Common Raw Material",,,
"Shockwave Costa Rica","CRP0004846","OPEN","Yes","11522","Corporacion Grafica Poliart SA","03/05/2026","3","Open","Inventory","PN63376","Label Stock, 8x10","D","Each","30,000","0","0","30,000","0.169","5,070","5,070","5,070","0","USD",,"2026-06-10T04:00:00Z","2026-06-10T04:00:00Z","51,105","0","0","No Project",,"Murillo, Joel Aguilar","Murillo, Joel Aguilar","Murillo, Joel Aguilar","Murillo, Joel Aguilar","Shockwave Costa Rica","Shockwave Costa Rica",,,"Raw Material","RM","Common Raw Material",,,
"Shockwave Costa Rica","CRP0004882","OPEN","Yes","ACC002","Lake Region Medical","03/09/2026","1","Open","Inventory","PN61268","Distal Marker Band","A","Each","80,000","0","0","80,000","0.59","47,200","47,200","47,200","0","USD",,"2026-05-22T04:00:00Z","2026-05-22T04:00:00Z","11,100","0","0","No Project",,"Araya, Kimberly","Araya, Kimberly","Araya, Kimberly","Araya, Kimberly","Shockwave Costa Rica","Shockwave Costa Rica",,,"Raw Material","C2","C2/C2+ Raw Material",,,
"Shockwave Costa Rica","CRP0004920","OPEN","Yes","10202","Empresa Montero Solano S.A.","03/12/2026","3","Open","Inventory","SU10004-02","Boufant Cap, 24""","D","Box","50","0","0","50","19.7","985","985","985","0","USD",,"2026-06-08T04:00:00Z","2026-06-08T04:00:00Z","89,999","0","0","No Project",,"Leiton Villalobos, Byron","Leiton Villalobos, Byron","Leiton Villalobos, Byron","Leiton Villalobos, Byron","Shockwave Costa Rica","Shockwave Costa Rica","10121W",,"Tooling Family","Tooling Group","Tooling",,,
"Shockwave Costa Rica","CRP0005049","OPEN","Yes","APP001","Applied Plastics Co, Inc","03/25/2026","1","Open","Inventory","TL62568-0160","PTFE-Coated Mandrel, 73"" -0160","B","Each","2,000","0","0","2,000","10.08","20,160","20,160","20,160","0","USD",,"2026-05-29T04:00:00Z","2026-05-29T04:00:00Z","51,105","0","0","No Project",,"Araya, Kimberly","Araya, Kimberly","Araya, Kimberly","Araya, Kimberly","Shockwave Costa Rica","Shockwave Costa Rica",,,"Tooling Family","Tooling Group","Tooling",,,
"Shockwave Costa Rica","CRP0005118","OPEN","Yes","ADV002","Nordson MEDICAL","03/31/2026","1","Open","Inventory","PN62496","PET HS Tubing 0.034"" 232.5mm Cut To Length","D","Each","15,000","0","0","15,000","2.31","34,650","34,650","34,650","0","USD",,"2026-05-29T04:00:00Z","2026-05-29T04:00:00Z","11,100","0","0","No Project",,"Araya, Kimberly","Araya, Kimberly","Araya, Kimberly","Araya, Kimberly","Shockwave Costa Rica","Shockwave Costa Rica",,,"Raw Material","C2","C2/C2+ Raw Material",,,
"Shockwave Costa Rica","CRP0005119","OPEN","Yes","ADV002","Nordson MEDICAL","03/31/2026","1","Open","Inventory","PN63424-070","Stabilized PET, .0340"" ID, 7mm","A","Each","30,000","0","0","30,000","0.48","14,400","14,400","14,400","0","USD",,"2026-05-29T04:00:00Z","2026-05-29T04:00:00Z","11,100","0","0","No Project",,"Araya, Kimberly","Araya, Kimberly","Araya, Kimberly","Araya, Kimberly","Shockwave Costa Rica","Shockwave Costa Rica",,,"Raw Material","S4","S4 Raw Material",,,
"Shockwave Costa Rica","CRP0005138","OPEN","Yes","DEP001","Delta Pacific Products","04/06/2026","1","Open","Inventory","PN63099","Tri-Port Hub","C","Each","6,000","0","0","6,000","1.196","7,176","7,176","7,176","0","USD",,"2026-04-24T04:00:00Z","2026-04-24T04:00:00Z","11,100","0","0","No Project",,"Duarte, Erick","Duarte, Erick","Duarte, Erick","Duarte, Erick","Shockwave Costa Rica","Shockwave Costa Rica",,,"Raw Material","RM","Common Raw Material",,,
"Shockwave Costa Rica","CRP0005138","OPEN","Yes","DEP001","Delta Pacific Products","04/06/2026","2","Open","Inventory","PN63099","Tri-Port Hub","C","Each","6,000","0","0","6,000","1.196","7,176","7,176","7,176","0","USD",,"2026-05-11T04:00:00Z","2026-05-11T04:00:00Z","11,100","0","0","No Project",,"Duarte, Erick","Duarte, Erick","Duarte, Erick","Duarte, Erick","Shockwave Costa Rica","Shockwave Costa Rica",,,"Raw Material","RM","Common Raw Material",,,
"Shockwave Costa Rica","CRP0005138","OPEN","Yes","DEP001","Delta Pacific Products","04/06/2026","3","Open","Inventory","PN63099","Tri-Port Hub","C","Each","6,000","0","0","6,000","1.196","7,176","7,176","7,176","0","USD",,"2026-06-01T04:00:00Z","2026-06-01T04:00:00Z","11,100","0","0","No Project",,"Duarte, Erick","Duarte, Erick","Duarte, Erick","Duarte, Erick","Shockwave Costa Rica","Shockwave Costa Rica",,,"Raw Material","RM","Common Raw Material",,,
"Shockwave Costa Rica","CRP0005141","OPEN","Yes","ADV002","Nordson MEDICAL","04/06/2026","1","Open","Inventory","PN67506-040","Stabilized PET, .0340 ID X80, 4.0mm","A","Each","15,000","0","0","15,000","0.55","8,250","8,250","8,250","0","USD",,"2026-05-29T04:00:00Z","2026-05-29T04:00:00Z","89,999","0","0","No Project",,"Araya, Kimberly","Araya, Kimberly","Araya, Kimberly","Araya, Kimberly","Shockwave Costa Rica","Shockwave Costa Rica",,,"Raw Material","X80","X80 Raw Material",,,
"Shockwave Costa Rica","CRP0005150","OPEN","No","12539","Poliart Impresores SA","04/06/2026","1","Open","Inventory","PN67871","X80 Printed Carton","C","Each","4,000","0","0","4,000","0.59542","2,381.68","2,381.68","2,381.68","0","USD",,"2026-05-11T04:00:00Z","2026-05-11T04:00:00Z","89,999","0","0","No Project",,"Murillo, Joel Aguilar","Murillo, Joel Aguilar","Murillo, Joel Aguilar","Murillo, Joel Aguilar","Shockwave Costa Rica","Shockwave Costa Rica",,,"Raw Material","X80","X80 Raw Material",,,
"Shockwave Costa Rica","CRP0005150","OPEN","No","12539","Poliart Impresores SA","04/06/2026","2","Open","Inventory","PN67871","X80 Printed Carton","C","Each","4,000","0","0","4,000","0.59542","2,381.68","2,381.68","2,381.68","0","USD",,"2026-06-08T04:00:00Z","2026-06-08T04:00:00Z","89,999","0","0","No Project",,"Murillo, Joel Aguilar","Murillo, Joel Aguilar","Murillo, Joel Aguilar","Murillo, Joel Aguilar","Shockwave Costa Rica","Shockwave Costa Rica",,,"Raw Material","X80","X80 Raw Material",,,
"Shockwave Costa Rica","CRP0005171","OPEN","Yes","10805","DISTRIBUIDORA RS HUGHES DE COSTA RICA","04/08/2026","1","Open","Inventory","SU60206-01","Flexible Dispenser Tips, 20 Ga, Pink","F","Bag","36","0","0","36","52","1,872","1,872","1,872","0","USD",,"2026-05-31T04:00:00Z","2026-05-31T04:00:00Z","89,999","0","0","No Project",,"Leiton Villalobos, Byron","Leiton Villalobos, Byron","Leiton Villalobos, Byron","Leiton Villalobos, Byron","Shockwave Costa Rica","Shockwave Costa Rica",,,"Raw Material","RM","Common Raw Material",,,
"Shockwave Costa Rica","CRP0005191","OPEN","Yes","10202","Empresa Montero Solano S.A.","04/10/2026","1","Open","Inventory","SU10014-01","Nitrile Gloves XS","F","Case","20","0","0","20","31.4","628","628","628","0","USD",,"2026-04-30T04:00:00Z","2026-04-30T04:00:00Z","89,999","0","0","No Project",,"Leiton Villalobos, Byron","Leiton Villalobos, Byron","Leiton Villalobos, Byron","Leiton Villalobos, Byron","Shockwave Costa Rica","Shockwave Costa Rica","110N30XS-S",,"Raw Material","RM","Common Raw Material",,,
"Shockwave Costa Rica","CRP0005191","OPEN","Yes","10202","Empresa Montero Solano S.A.","04/10/2026","2","Open","Inventory","SU10014-01","Nitrile Gloves XS","F","Case","50","0","0","50","31.4","1,570","1,570","1,570","0","USD",,"2026-05-30T04:00:00Z","2026-05-30T04:00:00Z","89,999","0","0","No Project",,"Leiton Villalobos, Byron","Leiton Villalobos, Byron","Leiton Villalobos, Byron","Leiton Villalobos, Byron","Shockwave Costa Rica","Shockwave Costa Rica","110N30XS-S",,"Raw Material","RM","Common Raw Material",,,
"Shockwave Costa Rica","CRP0005192","OPEN","Yes","10202","Empresa Montero Solano S.A.","04/10/2026","2","Open","Inventory","SU10014-02","Nitrile Gloves S","F","Case","40","0","0","40","31.4","1,256","1,256","1,256","0","USD",,"2026-05-30T04:00:00Z","2026-05-30T04:00:00Z","89,999","0","0","No Project",,"Leiton Villalobos, Byron","Leiton Villalobos, Byron","Leiton Villalobos, Byron","Leiton Villalobos, Byron","Shockwave Costa Rica","Shockwave Costa Rica","110N30S-S",,"Raw Material","RM","Common Raw Material",,,
"Shockwave Costa Rica","CRP0005193","OPEN","Yes","10202","Empresa Montero Solano S.A.","04/10/2026","1","Open","Inventory","SU10014-03","Nitrile Gloves M","F","Case","19","0","0","19","31.4","596.6","596.6","596.6","0","USD",,"2026-04-30T04:00:00Z","2026-04-30T04:00:00Z","89,999","0","0","No Project",,"Leiton Villalobos, Byron","Leiton Villalobos, Byron","Leiton Villalobos, Byron","Leiton Villalobos, Byron","Shockwave Costa Rica","Shockwave Costa Rica","110N30M-S",,"Raw Material","RM","Common Raw Material",,,
"Shockwave Costa Rica","CRP0005193","OPEN","Yes","10202","Empresa Montero Solano S.A.","04/10/2026","2","Open","Inventory","SU10014-03","Nitrile Gloves M","F","Case","40","0","0","40","31.4","1,256","1,256","1,256","0","USD",,"2026-05-30T04:00:00Z","2026-05-30T04:00:00Z","89,999","0","0","No Project",,"Leiton Villalobos, Byron","Leiton Villalobos, Byron","Leiton Villalobos, Byron","Leiton Villalobos, Byron","Shockwave Costa Rica","Shockwave Costa Rica","110N30M-S",,"Raw Material","RM","Common Raw Material",,,
"Shockwave Costa Rica","CRP0005205","OPEN","Yes","10202","Empresa Montero Solano S.A.","04/10/2026","1","Open","Inventory","SU10014-04","Nitrile Gloves L","F","Case","15","0","0","15","31.4","471","471","471","0","USD",,"2026-04-30T04:00:00Z","2026-04-30T04:00:00Z","89,999","0","0","No Project",,"Leiton Villalobos, Byron","Leiton Villalobos, Byron","Leiton Villalobos, Byron","Leiton Villalobos, Byron","Shockwave Costa Rica","Shockwave Costa Rica","110N30L-S",,"Raw Material","RM","Common Raw Material",,,
"Shockwave Costa Rica","CRP0005205","OPEN","Yes","10202","Empresa Montero Solano S.A.","04/10/2026","2","Open","Inventory","SU10014-04","Nitrile Gloves L","F","Case","15","0","0","15","31.4","471","471","471","0","USD",,"2026-05-30T04:00:00Z","2026-05-30T04:00:00Z","89,999","0","0","No Project",,"Leiton Villalobos, Byron","Leiton Villalobos, Byron","Leiton Villalobos, Byron","Leiton Villalobos, Byron","Shockwave Costa Rica","Shockwave Costa Rica","110N30L-S",,"Raw Material","RM","Common Raw Material",,,
"Shockwave Costa Rica","CRP0005210","OPEN","Yes","10027","VWR International Limitada","04/13/2026","1","Open","Inventory","SU10001-02","(IPA) ISOPROPYL ALCOHOL 99%","H","Each","3","0","0","3","333.33","999.99","999.99","999.99","0","USD",,"2026-01-05T05:00:00Z","2026-01-05T05:00:00Z","89,999","0","0","No Project",,"Leiton Villalobos, Byron","Leiton Villalobos, Byron","Leiton Villalobos, Byron","Leiton Villalobos, Byron","Shockwave Costa Rica","Shockwave Costa Rica",,,,,,,,
"Shockwave Costa Rica","CRP0005234","OPEN","Yes","TEC001","Temecula Custom Extrusions.","04/14/2026","1","Open","Inventory","PN40147-04","NYLON MIDSHAFT TUB ID/OD 0.034""/0.043""","F","Each","30,000","0","0","30,000","0.39","11,700","11,700","11,700","0","USD",,"2026-06-01T04:00:00Z","2026-06-01T04:00:00Z","11,100","0","0","No Project",,"Duarte, Erick","Duarte, Erick","Duarte, Erick","Duarte, Erick","Shockwave Costa Rica","Shockwave Costa Rica",,,"Raw Material","C2","C2/C2+ Raw Material",,,
"Shockwave Costa Rica","CRP0005272","OPEN","Yes","PRA003","Production Automation Corp","04/17/2026","1","Open","Inventory","SU10009-01","Gem3® Uncoated & Degreased Single Edge 0.009"" Carbon Steel Blades with Steel Backing, 100 pc. Cartridge","F","Case","20","0","0","20","1,014.4","20,288","20,288","20,288","0","USD",,"2026-05-04T04:00:00Z","2026-05-04T04:00:00Z","89,999","0","0","No Project",,"Leiton Villalobos, Byron","Leiton Villalobos, Byron","Leiton Villalobos, Byron","Leiton Villalobos, Byron","Shockwave Costa Rica","Shockwave Costa Rica","AGBL-7014-BULK",,,,,,,
"Shockwave Costa Rica","CRP0005274","OPEN","Yes","PRA003","Production Automation Corp","04/17/2026","1","Open","Inventory","SU10009-02","Gem Runner Cleanroom Blade Dispenser","F","Each","100","0","0","100","73.54","7,354","7,354","7,354","0","USD",,"2026-06-12T04:00:00Z","2026-06-12T04:00:00Z","89,999","0","0","No Project",,"Leiton Villalobos, Byron","Leiton Villalobos, Byron","Leiton Villalobos, Byron","Leiton Villalobos, Byron","Shockwave Costa Rica","Shockwave Costa Rica","AGTL-7000-0000",,"Raw Material","RM","Common Raw Material",,,
"Shockwave Costa Rica","CRP0005287","OPEN","Yes","CRU001","Creganna Unlimited Company","04/21/2026","1","Open","Inventory","PN65279-4012","Coronary Pebax 7433 12mm Balloon","A","Each","2,350","0","0","2,350","10.1","23,735","23,735","23,735","0","USD",,"2026-05-29T04:00:00Z","2026-05-29T04:00:00Z","89,999","0","0","No Project",,"Araya, Kimberly","Araya, Kimberly","Araya, Kimberly","Araya, Kimberly","Shockwave Costa Rica","Shockwave Costa Rica",,,"Raw Material","Aero","Aero Raw Material",,,
"Shockwave Costa Rica","CRP0005340","OPEN","Yes","STG001","Stephen Gould Corporation","04/28/2026","1","Open","Inventory","PN61091-03","Printed Carton, C2","H","Each","2,200","0","0","2,200","3.41","7,502","7,502","7,502","0","USD",,"2026-05-15T04:00:00Z","2026-05-15T04:00:00Z","11,100","0","0","No Project",,"Duarte, Erick","Duarte, Erick","Duarte, Erick","Duarte, Erick","Shockwave Costa Rica","Shockwave Costa Rica",,,"Raw Material","C2","C2 Raw Material",,,
"Shockwave Costa Rica","CRP0005357","OPEN","Yes","10805","DISTRIBUIDORA RS HUGHES DE COSTA RICA","04/30/2026","1","Open","Inventory","SU60701","Tweezer with sharp tips","B","Each","145","0","0","145","27.58","3,999.1","3,999.1","3,999.1","0","USD",,"2026-05-15T04:00:00Z","2026-05-15T04:00:00Z","89,999","0","0","No Project",,"Leiton Villalobos, Byron","Leiton Villalobos, Byron","Leiton Villalobos, Byron","Leiton Villalobos, Byron","Shockwave Costa Rica","Shockwave Costa Rica","3-SA-PI",,"Tooling Family","Tooling Group","Tooling",,,
"Shockwave Costa Rica","CRP0005357","OPEN","Yes","10805","DISTRIBUIDORA RS HUGHES DE COSTA RICA","04/30/2026","2","Open","Inventory","SU60701","Tweezer with sharp tips","B","Each","160","0","0","160","27.58","4,412.8","4,412.8","4,412.8","0","USD",,"2026-06-08T04:00:00Z","2026-06-08T04:00:00Z","89,999","0","0","No Project",,"Leiton Villalobos, Byron","Leiton Villalobos, Byron","Leiton Villalobos, Byron","Leiton Villalobos, Byron","Shockwave Costa Rica","Shockwave Costa Rica","3-SA-PI",,"Tooling Family","Tooling Group","Tooling",,,
"Shockwave Costa Rica","CRP0005380","OPEN","Yes","10805","DISTRIBUIDORA RS HUGHES DE COSTA RICA","05/05/2026","1","Open","Inventory","SU62483","SMALL TWEEZERS WITH STRAIGHT TIPS","C","Each","27","0","0","27","36.34","981.18","981.18","981.18","0","USD",,"2026-06-12T04:00:00Z","2026-06-12T04:00:00Z","89,999","0","0","No Project",,"Leiton Villalobos, Byron","Leiton Villalobos, Byron","Leiton Villalobos, Byron","Leiton Villalobos, Byron","Shockwave Costa Rica","Shockwave Costa Rica","M5S",,"Tooling Family","Tooling Group","Tooling",,,
"Shockwave Costa Rica","CRP0005417","OPEN","Yes","STG001","Stephen Gould Corporation","05/07/2026","1","Open","Inventory","PN61091-03","Printed Carton, C2","H","Each","2,500","0","0","2,500","3.41","8,525","8,525","8,525","0","USD",,"2026-05-28T04:00:00Z","2026-05-28T04:00:00Z","11,100","0","0","No Project",,"Duarte, Erick","Duarte, Erick","Duarte, Erick","Duarte, Erick","Shockwave Costa Rica","Shockwave Costa Rica",,,"Raw Material","C2","C2 Raw Material",,,
